"","Genotype","emer_f15_ap"
"SWW090021-0-0-0-2","SWW090021-0-0-0-2",105.922786794932
"SWW090021-0-0-0-3","SWW090021-0-0-0-3",105.922786794932
"SWW090021-0-0-0-4","SWW090021-0-0-0-4",105.922786794932
"SWW090022-0-0-0-1","SWW090022-0-0-0-1",5.92278679493154
"SWW090022-0-0-0-2","SWW090022-0-0-0-2",105.922786794932
"SWW090022-0-0-0-3","SWW090022-0-0-0-3",85.9227867949316
"SWW090022-0-0-0-4","SWW090022-0-0-0-4",25.9227867949316
"SWW090022-0-0-0-5","SWW090022-0-0-0-5",5.92278679493154
"SWW090026-0-0-0-1","SWW090026-0-0-0-1",105.922786794932
"SWW090026-0-0-0-2","SWW090026-0-0-0-2",65.9227867949316
"SWW090026-0-0-0-3","SWW090026-0-0-0-3",105.922786794932
"SWW090026-0-0-0-4","SWW090026-0-0-0-4",105.922786794932
"SWW090040-0-0-0-1","SWW090040-0-0-0-1",105.922786794932
"SWW090042-0-0-0-1","SWW090042-0-0-0-1",105.922786794932
"SWW090066-0-0-0-5","SWW090066-0-0-0-5",105.922786794932
"SWW090066-0-0-0-6","SWW090066-0-0-0-6",65.9227867949316
"SWW090069-0-0-0-1","SWW090069-0-0-0-1",65.9227867949316
"SWW090069-0-0-0-2","SWW090069-0-0-0-2",85.9227867949316
"SWW090069-0-0-0-3","SWW090069-0-0-0-3",85.9227867949316
"SWW090079-0-0-0-10","SWW090079-0-0-0-10",51.9828791795567
"SWW090079-0-0-0-11","SWW090079-0-0-0-11",51.9828791795567
"SWW090079-0-0-0-5","SWW090079-0-0-0-5",71.9828791795567
"SWW090079-0-0-0-6","SWW090079-0-0-0-6",71.9828791795567
"SWW090079-0-0-0-7","SWW090079-0-0-0-7",51.9828791795567
"SWW090079-0-0-0-8","SWW090079-0-0-0-8",51.9828791795567
"SWW090079-0-0-0-9","SWW090079-0-0-0-9",71.9828791795567
"SWW090081-0-0-0-1","SWW090081-0-0-0-1",91.9828791795567
"SWW090082-0-0-0-1","SWW090082-0-0-0-1",71.9828791795567
"SWW090083-0-0-0-1","SWW090083-0-0-0-1",111.982879179557
"SWW090083-0-0-0-2","SWW090083-0-0-0-2",91.9828791795567
"SWW090083-0-0-0-3","SWW090083-0-0-0-3",-48.0171208204433
"SWW090092-0-0-0-1","SWW090092-0-0-0-1",111.982879179557
"SWW090092-0-0-0-2","SWW090092-0-0-0-2",51.9828791795567
"SWW090092-0-0-0-3","SWW090092-0-0-0-3",71.9828791795567
"SWW090093-0-0-0-1","SWW090093-0-0-0-1",111.982879179557
"SWW090093-0-0-0-2","SWW090093-0-0-0-2",91.9828791795567
"SWW090093-0-0-0-3","SWW090093-0-0-0-3",71.9828791795567
"SWW090093-0-0-0-4","SWW090093-0-0-0-4",51.9828791795567
"SWW090093-0-0-0-5","SWW090093-0-0-0-5",71.9828791795567
"SWW090094-0-0-0-1","SWW090094-0-0-0-1",111.982879179557
"SWW090094-0-0-0-2","SWW090094-0-0-0-2",91.9828791795567
"SWW090094-0-0-0-3","SWW090094-0-0-0-3",111.982879179557
"SWW090094-0-0-0-4","SWW090094-0-0-0-4",71.9828791795567
"SWW090094-0-0-0-5","SWW090094-0-0-0-5",91.9828791795567
"SWW090094-0-0-0-6","SWW090094-0-0-0-6",71.9828791795567
"SWW090095-0-0-0-1","SWW090095-0-0-0-1",71.9828791795567
"SWW090095-0-0-0-2","SWW090095-0-0-0-2",71.9828791795567
"SWW090095-0-0-0-3","SWW090095-0-0-0-3",51.9828791795567
"SWW090095-0-0-0-4","SWW090095-0-0-0-4",31.9828791795567
"SWW090095-0-0-0-5","SWW090095-0-0-0-5",51.9828791795567
"SWW090095-0-0-0-6","SWW090095-0-0-0-6",71.9828791795567
"SWW090104-0-0-0-1","SWW090104-0-0-0-1",71.9828791795567
"SWW090104-0-0-0-2","SWW090104-0-0-0-2",51.9828791795567
"SWW090107-0-0-0-1","SWW090107-0-0-0-1",51.9828791795567
"SWW090109-0-0-0-1","SWW090109-0-0-0-1",51.9828791795567
"SWW090112-0-0-0-1","SWW090112-0-0-0-1",31.9828791795567
"SWW090112-0-0-0-2","SWW090112-0-0-0-2",51.9828791795567
"SWW090112-0-0-0-3","SWW090112-0-0-0-3",31.9828791795567
"SWW090119-0-0-0-1","SWW090119-0-0-0-1",71.9828791795567
"SWW090119-0-0-0-2","SWW090119-0-0-0-2",71.9828791795567
"SWW090119-0-0-0-3","SWW090119-0-0-0-3",51.9828791795567
"SWW090127-0-0-0-1","SWW090127-0-0-0-1",91.9828791795567
"SWW090127-0-0-0-2","SWW090127-0-0-0-2",91.9828791795567
"SWW090128-0-0-0-1","SWW090128-0-0-0-1",71.9828791795567
"SWW090128-0-0-0-2","SWW090128-0-0-0-2",91.9828791795567
"SWW090128-0-0-0-3","SWW090128-0-0-0-3",53.8010609977385
"SWW090128-0-0-0-4","SWW090128-0-0-0-4",33.8010609977385
"SWW090128-0-0-0-5","SWW090128-0-0-0-5",33.8010609977385
"SWW090128-0-0-0-6","SWW090128-0-0-0-6",33.8010609977385
"SWW090129-0-0-0-1","SWW090129-0-0-0-1",53.8010609977385
"SWW090129-0-0-0-2","SWW090129-0-0-0-2",53.8010609977385
"SWW090129-0-0-0-3","SWW090129-0-0-0-3",53.8010609977385
"SWW090166-0-0-0-1","SWW090166-0-0-0-1",73.8010609977385
"SWW090174-0-0-0-1","SWW090174-0-0-0-1",113.801060997739
"SWW090174-0-0-0-2","SWW090174-0-0-0-2",113.801060997739
"SWW090174-0-0-0-3","SWW090174-0-0-0-3",93.8010609977385
"SWW090174-0-0-0-5","SWW090174-0-0-0-5",113.801060997739
"SWW090174-0-0-0-6","SWW090174-0-0-0-6",73.8010609977385
"SWW090174-0-0-0-7","SWW090174-0-0-0-7",73.8010609977385
"SWW090176-0-0-0-1","SWW090176-0-0-0-1",33.8010609977385
"SWW090177-0-0-0-1","SWW090177-0-0-0-1",113.801060997739
"SWW090177-0-0-0-2","SWW090177-0-0-0-2",93.8010609977385
"SWW090177-0-0-0-3","SWW090177-0-0-0-3",53.8010609977385
"SWW090177-0-0-0-4","SWW090177-0-0-0-4",73.8010609977385
"SWW090181-0-0-0-1","SWW090181-0-0-0-1",93.8010609977385
"SWW090181-0-0-0-2","SWW090181-0-0-0-2",93.8010609977385
"SWW090181-0-0-0-3","SWW090181-0-0-0-3",73.8010609977385
"SWW090181-0-0-0-4","SWW090181-0-0-0-4",73.8010609977385
"SWW090182-0-0-0-1","SWW090182-0-0-0-1",73.8010609977385
"SWW090182-0-0-0-2","SWW090182-0-0-0-2",33.8010609977385
"SWW090182-0-0-0-3","SWW090182-0-0-0-3",93.8010609977385
"SWW090182-0-0-0-4","SWW090182-0-0-0-4",73.8010609977385
"SWW090182-0-0-0-5","SWW090182-0-0-0-5",73.8010609977385
"SWW090182-0-0-0-6","SWW090182-0-0-0-6",93.8010609977385
"SWW090182-0-0-0-7","SWW090182-0-0-0-7",73.8010609977385
"SWW090182-0-0-0-8","SWW090182-0-0-0-8",73.8010609977385
"SWW090183-0-0-0-1","SWW090183-0-0-0-1",93.8010609977385
"SWW090183-0-0-0-2","SWW090183-0-0-0-2",73.8010609977385
"SWW090184-0-0-0-1","SWW090184-0-0-0-1",-26.1989390022615
"SWW090185-0-0-0-1","SWW090185-0-0-0-1",-26.1989390022615
"SWW090185-0-0-0-2","SWW090185-0-0-0-2",33.8010609977385
"SWW090185-0-0-0-3","SWW090185-0-0-0-3",53.8010609977385
"SWW090185-0-0-0-4","SWW090185-0-0-0-4",33.8010609977385
"SWW090185-0-0-0-5","SWW090185-0-0-0-5",73.8010609977385
"SWW090185-0-0-0-6","SWW090185-0-0-0-6",53.8010609977385
"SWW090190-0-0-0-1","SWW090190-0-0-0-1",53.8010609977385
"SWW090191-0-0-0-1","SWW090191-0-0-0-1",73.8010609977385
"SWW090194-0-0-0-1","SWW090194-0-0-0-1",73.8010609977385
"SWW090198-0-0-0-1","SWW090198-0-0-0-1",93.8010609977385
"SWW090204-0-0-0-1","SWW090204-0-0-0-1",93.8010609977385
"SWW090207-0-0-0-2","SWW090207-0-0-0-2",33.8010609977385
"SWW090207-0-0-0-3","SWW090207-0-0-0-3",53.8010609977385
"SWW090210-0-0-0-1","SWW090210-0-0-0-1",73.8010609977385
"SWW090210-0-0-0-2","SWW090210-0-0-0-2",81.4374246341022
"SWW090210-0-0-0-3","SWW090210-0-0-0-3",81.4374246341022
"SWW090210-0-0-0-4","SWW090210-0-0-0-4",81.4374246341022
"SWW090210-0-0-0-5","SWW090210-0-0-0-5",81.4374246341022
"SWW090210-0-0-0-6","SWW090210-0-0-0-6",81.4374246341022
"SWW090210-0-0-0-7","SWW090210-0-0-0-7",81.4374246341022
"SWW090210-0-0-0-8","SWW090210-0-0-0-8",61.4374246341022
"SWW090214-0-0-0-1","SWW090214-0-0-0-1",-18.5625753658978
"SWW090214-0-0-0-2","SWW090214-0-0-0-2",81.4374246341022
"SWW090214-0-0-0-3","SWW090214-0-0-0-3",-18.5625753658978
"SWW090214-0-0-0-4","SWW090214-0-0-0-4",-58.5625753658978
"SWW090214-0-0-0-5","SWW090214-0-0-0-5",21.4374246341022
"SWW090214-0-0-0-6","SWW090214-0-0-0-6",61.4374246341022
"SWW090214-0-0-0-7","SWW090214-0-0-0-7",-18.5625753658978
"SWW090227-0-0-0-1","SWW090227-0-0-0-1",61.4374246341022
"SWW090227-0-0-0-2","SWW090227-0-0-0-2",61.4374246341022
"SWW090227-0-0-0-3","SWW090227-0-0-0-3",41.4374246341022
"SWW090231-0-0-0-1","SWW090231-0-0-0-1",21.4374246341022
"SWW090231-0-0-0-10","SWW090231-0-0-0-10",41.4374246341022
"SWW090231-0-0-0-2","SWW090231-0-0-0-2",41.4374246341022
"SWW090231-0-0-0-3","SWW090231-0-0-0-3",41.4374246341022
"SWW090231-0-0-0-4","SWW090231-0-0-0-4",41.4374246341022
"SWW090231-0-0-0-5","SWW090231-0-0-0-5",21.4374246341022
"SWW090231-0-0-0-6","SWW090231-0-0-0-6",1.43742463410218
"SWW090231-0-0-0-7","SWW090231-0-0-0-7",1.43742463410218
"SWW090231-0-0-0-8","SWW090231-0-0-0-8",41.4374246341022
"SWW090231-0-0-0-9","SWW090231-0-0-0-9",101.437424634102
"SWW090234-0-0-0-1","SWW090234-0-0-0-1",101.437424634102
"SWW090253-0-0-0-1","SWW090253-0-0-0-1",101.437424634102
"SWW090253-0-0-0-3","SWW090253-0-0-0-3",101.437424634102
"SWW090253-0-0-0-4","SWW090253-0-0-0-4",81.4374246341022
"SWW090253-0-0-0-5","SWW090253-0-0-0-5",101.437424634102
"SWW090253-0-0-0-6","SWW090253-0-0-0-6",101.437424634102
"SWW090253-0-0-0-7","SWW090253-0-0-0-7",81.4374246341022
"SWW090253-0-0-0-8","SWW090253-0-0-0-8",121.437424634102
"SWW090256-0-0-0-1","SWW090256-0-0-0-1",81.4374246341022
"SWW090257-0-0-0-1","SWW090257-0-0-0-1",41.4374246341022
"SWW090257-0-0-0-2","SWW090257-0-0-0-2",41.4374246341022
"SWW090258-0-0-0-1","SWW090258-0-0-0-1",101.437424634102
"SWW090258-0-0-0-2","SWW090258-0-0-0-2",81.4374246341022
"SWW090258-0-0-0-3","SWW090258-0-0-0-3",101.437424634102
"SWW090258-0-0-0-4","SWW090258-0-0-0-4",81.4374246341022
"SWW090258-0-0-0-5","SWW090258-0-0-0-5",61.4374246341022
"SWW090275-0-0-0-1","SWW090275-0-0-0-1",81.4374246341022
"SWW090275-0-0-0-2","SWW090275-0-0-0-2",61.4374246341022
"SWW090281-0-0-0-1","SWW090281-0-0-0-1",61.4374246341022
"SWW090281-0-0-0-2","SWW090281-0-0-0-2",81.4374246341022
"SWW090284-0-0-0-1","SWW090284-0-0-0-1",21.4374246341022
"SWW090284-0-0-0-2","SWW090284-0-0-0-2",41.4374246341022
"SWW090285-0-0-0-1","SWW090285-0-0-0-1",27.4374246341022
"SWW090292-0-0-0-1","SWW090292-0-0-0-1",47.4374246341022
"SWW090292-0-0-0-10","SWW090292-0-0-0-10",107.437424634102
"SWW090292-0-0-0-2","SWW090292-0-0-0-2",-12.5625753658978
"SWW090292-0-0-0-3","SWW090292-0-0-0-3",7.43742463410218
"SWW090292-0-0-0-4","SWW090292-0-0-0-4",-12.5625753658978
"SWW090292-0-0-0-5","SWW090292-0-0-0-5",27.4374246341022
"SWW090292-0-0-0-6","SWW090292-0-0-0-6",-12.5625753658978
"SWW090292-0-0-0-7","SWW090292-0-0-0-7",-12.5625753658978
"SWW090292-0-0-0-8","SWW090292-0-0-0-8",-12.5625753658978
"SWW090292-0-0-0-9","SWW090292-0-0-0-9",27.4374246341022
"SWW090294-0-0-0-1","SWW090294-0-0-0-1",27.4374246341022
"SWW090294-0-0-0-2","SWW090294-0-0-0-2",27.4374246341022
"SWW090295-0-0-0-1","SWW090295-0-0-0-1",87.4374246341022
"SWW090295-0-0-0-2","SWW090295-0-0-0-2",87.4374246341022
"SWW090295-0-0-0-3","SWW090295-0-0-0-3",107.437424634102
"SWW090299-0-0-0-1","SWW090299-0-0-0-1",27.4374246341022
"SWW090303-0-0-0-1","SWW090303-0-0-0-1",27.4374246341022
"SWW090305-0-0-0-1","SWW090305-0-0-0-1",67.4374246341022
"SWW090305-0-0-0-2","SWW090305-0-0-0-2",67.4374246341022
"SWW10044-B-0-1-1","SWW10044-B-0-1-1",107.437424634102
"SWW10044-B-0-1-2","SWW10044-B-0-1-2",47.4374246341022
"SWW10044-B-0-1-3","SWW10044-B-0-1-3",47.4374246341022
"SWW10044-B-0-1-4","SWW10044-B-0-1-4",67.4374246341022
"SWW10044-B-0-1-5","SWW10044-B-0-1-5",47.4374246341022
"SWW10044-B-0-1-6","SWW10044-B-0-1-6",27.4374246341022
"SWW10044-B-0-1-7","SWW10044-B-0-1-7",27.4374246341022
"SWW10044-B-0-1-8","SWW10044-B-0-1-8",47.4374246341022
"SWW10059-B-0-1-1","SWW10059-B-0-1-1",47.4374246341022
"SWW10059-B-0-1-2","SWW10059-B-0-1-2",87.4374246341022
"SWW10059-B-0-1-4","SWW10059-B-0-1-4",107.437424634102
"SWW10059-B-0-1-5","SWW10059-B-0-1-5",67.4374246341022
"SWW10059-B-0-1-6","SWW10059-B-0-1-6",87.4374246341022
"SWW10059-B-0-1-7","SWW10059-B-0-1-7",87.4374246341022
"SWW10060-B-0-1-1","SWW10060-B-0-1-1",67.4374246341022
"SWW10060-B-0-1-2","SWW10060-B-0-1-2",67.4374246341022
"SWW10060-B-0-1-3","SWW10060-B-0-1-3",47.4374246341022
"SWW10060-B-0-1-4","SWW10060-B-0-1-4",67.4374246341022
"SWW10060-B-0-1-5","SWW10060-B-0-1-5",87.4374246341022
"SWW10060-B-0-1-6","SWW10060-B-0-1-6",67.4374246341022
"SWW10060-B-0-1-7","SWW10060-B-0-1-7",27.4374246341022
"SWW10147-B-0-1-1","SWW10147-B-0-1-1",67.4374246341022
"SWW10147-B-0-1-2","SWW10147-B-0-1-2",67.4374246341022
"SWW10147-B-0-1-3","SWW10147-B-0-1-3",47.4374246341022
"SWW10147-B-0-1-4","SWW10147-B-0-1-4",47.4374246341022
"SWW10147-B-0-1-5","SWW10147-B-0-1-5",47.4374246341022
"SWW10147-B-0-1-6","SWW10147-B-0-1-6",87.4374246341022
"SWW10170-B-0-1-1","SWW10170-B-0-1-1",27.4374246341022
"SWW10170-B-0-1-2","SWW10170-B-0-1-2",47.4374246341022
"SWW10170-B-0-1-3","SWW10170-B-0-1-3",81.255606452284
"SWW10171-B-0-1-1","SWW10171-B-0-1-1",81.255606452284
"SWW10171-B-0-1-2","SWW10171-B-0-1-2",101.255606452284
"SWW10171-B-0-1-3","SWW10171-B-0-1-3",101.255606452284
"SWW10171-B-0-1-4","SWW10171-B-0-1-4",81.255606452284
"SWW10171-B-0-1-5","SWW10171-B-0-1-5",101.255606452284
"SWW10171-B-0-1-6","SWW10171-B-0-1-6",81.255606452284
"SWW10171-B-0-1-7","SWW10171-B-0-1-7",61.255606452284
"SWW10171-B-0-1-8","SWW10171-B-0-1-8",61.255606452284
"SWW10172-B-0-1-1","SWW10172-B-0-1-1",21.255606452284
"SWW10172-B-0-1-2","SWW10172-B-0-1-2",61.255606452284
"SWW10172-B-0-1-3","SWW10172-B-0-1-3",81.255606452284
"SWW10172-B-0-1-4","SWW10172-B-0-1-4",61.255606452284
"SWW10172-B-0-1-5","SWW10172-B-0-1-5",61.255606452284
"SWW10172-B-0-1-6","SWW10172-B-0-1-6",61.255606452284
"SWW10176-B-0-1-1","SWW10176-B-0-1-1",61.255606452284
"SWW10176-B-0-1-2","SWW10176-B-0-1-2",41.255606452284
"SWW10176-B-0-1-3","SWW10176-B-0-1-3",21.255606452284
"SWW10176-B-0-1-4","SWW10176-B-0-1-4",21.255606452284
"SWW10176-B-0-1-5","SWW10176-B-0-1-5",41.255606452284
"SWW10177-B-0-1-1","SWW10177-B-0-1-1",101.255606452284
"SWW10177-B-0-1-10","SWW10177-B-0-1-10",61.255606452284
"SWW10177-B-0-1-2","SWW10177-B-0-1-2",81.255606452284
"SWW10177-B-0-1-3","SWW10177-B-0-1-3",81.255606452284
"SWW10177-B-0-1-4","SWW10177-B-0-1-4",81.255606452284
"SWW10177-B-0-1-5","SWW10177-B-0-1-5",81.255606452284
"SWW10177-B-0-1-6","SWW10177-B-0-1-6",121.255606452284
"SWW10177-B-0-1-7","SWW10177-B-0-1-7",101.255606452284
"SWW10177-B-0-1-8","SWW10177-B-0-1-8",101.255606452284
"SWW10177-B-0-1-9","SWW10177-B-0-1-9",61.255606452284
"SWW10178-B-0-1-1","SWW10178-B-0-1-1",1.25560645228399
"SWW10178-B-0-1-2","SWW10178-B-0-1-2",1.25560645228399
"SWW10178-B-0-1-3","SWW10178-B-0-1-3",21.255606452284
"SWW10178-B-0-1-4","SWW10178-B-0-1-4",21.255606452284
"SWW10178-B-0-1-5","SWW10178-B-0-1-5",21.255606452284
"SWW10178-B-0-1-6","SWW10178-B-0-1-6",21.255606452284
"SWW10178-B-0-1-7","SWW10178-B-0-1-7",21.255606452284
"SWW10178-B-0-1-8","SWW10178-B-0-1-8",61.255606452284
"SWW10178-B-0-1-9","SWW10178-B-0-1-9",41.255606452284
"SWW10179-B-0-1-1","SWW10179-B-0-1-1",41.255606452284
"SWW10179-B-0-1-2","SWW10179-B-0-1-2",41.255606452284
"SWW10179-B-0-1-3","SWW10179-B-0-1-3",81.255606452284
"SWW10179-B-0-1-4","SWW10179-B-0-1-4",81.255606452284
"SWW10179-B-0-1-5","SWW10179-B-0-1-5",81.255606452284
"SWW10179-B-0-1-6","SWW10179-B-0-1-6",81.255606452284
"SWW10179-B-0-1-7","SWW10179-B-0-1-7",41.255606452284
"SWW10180-B-0-1-1","SWW10180-B-0-1-1",41.255606452284
"SWW10180-B-0-1-2","SWW10180-B-0-1-2",41.255606452284
"SWW10180-B-0-1-3","SWW10180-B-0-1-3",41.255606452284
"SWW10180-B-0-1-4","SWW10180-B-0-1-4",41.255606452284
"SWW10180-B-0-1-5","SWW10180-B-0-1-5",16.8919700886476
"SWW10180-B-0-1-6","SWW10180-B-0-1-6",76.8919700886476
"SWW10180-B-0-1-7","SWW10180-B-0-1-7",56.8919700886476
"SWW10180-B-0-1-8","SWW10180-B-0-1-8",76.8919700886476
"SWW10180-B-0-1-9","SWW10180-B-0-1-9",36.8919700886476
"SWW10181-B-0-1-1","SWW10181-B-0-1-1",36.8919700886476
"SWW10181-B-0-1-2","SWW10181-B-0-1-2",76.8919700886476
"SWW10181-B-0-1-3","SWW10181-B-0-1-3",56.8919700886476
"SWW10182-B-0-1-1","SWW10182-B-0-1-1",56.8919700886476
"SWW10182-B-0-1-2","SWW10182-B-0-1-2",56.8919700886476
"SWW10185-B-0-1-1","SWW10185-B-0-1-1",36.8919700886476
"SWW11140-1-DH-14-4","SWW11140-1-DH-14-4",36.6930310863862
"SWW11140-2-DH-19-4","SWW11140-2-DH-19-4",-3.30696891361382
"SWW11141-1-DH-2-4","SWW11141-1-DH-2-4",36.6930310863862
"SWW11141-2-DH-6-4","SWW11141-2-DH-6-4",36.6930310863862
