"","Genotype","Rht","BL_BLUP"
"SWW090021-0-0-0-2","SWW090021-0-0-0-2",1,60.628925
"SWW090021-0-0-0-3","SWW090021-0-0-0-3",1,60.28950413
"SWW090021-0-0-0-4","SWW090021-0-0-0-4",1,63.08514562
"SWW090022-0-0-0-1","SWW090022-0-0-0-1",1,62.98416171
"SWW090022-0-0-0-2","SWW090022-0-0-0-2",1,62.98416171
"SWW090022-0-0-0-3","SWW090022-0-0-0-3",1,62.98416171
"SWW090022-0-0-0-4","SWW090022-0-0-0-4",1,62.98416171
"SWW090022-0-0-0-5","SWW090022-0-0-0-5",1,62.98416171
"SWW090026-0-0-0-1","SWW090026-0-0-0-1",1,62.98416171
"SWW090026-0-0-0-2","SWW090026-0-0-0-2",1,62.98416171
"SWW090026-0-0-0-3","SWW090026-0-0-0-3",1,61.47747716
"SWW090026-0-0-0-4","SWW090026-0-0-0-4",1,57.46099694
"SWW090040-0-0-0-1","SWW090040-0-0-0-1",1,60.23293399
"SWW090042-0-0-0-1","SWW090042-0-0-0-1",1,61.81689802
"SWW090066-0-0-0-5","SWW090066-0-0-0-5",1,60.57235485
"SWW090066-0-0-0-6","SWW090066-0-0-0-6",1,67.35539026
"SWW090069-0-0-0-1","SWW090069-0-0-0-1",1,67.47391242
"SWW090069-0-0-0-2","SWW090069-0-0-0-2",1,62.98416171
"SWW090069-0-0-0-3","SWW090069-0-0-0-3",1,65.94651853
"SWW090079-0-0-0-10","SWW090079-0-0-0-10",1,62.98416171
"SWW090079-0-0-0-11","SWW090079-0-0-0-11",1,62.98416171
"SWW090079-0-0-0-5","SWW090079-0-0-0-5",1,62.98416171
"SWW090079-0-0-0-6","SWW090079-0-0-0-6",1,62.98416171
"SWW090079-0-0-0-7","SWW090079-0-0-0-7",1,62.98416171
"SWW090079-0-0-0-8","SWW090079-0-0-0-8",1,62.98416171
"SWW090079-0-0-0-9","SWW090079-0-0-0-9",1,62.98416171
"SWW090081-0-0-0-1","SWW090081-0-0-0-1",1,62.98416171
"SWW090082-0-0-0-1","SWW090082-0-0-0-1",1,62.98416171
"SWW090083-0-0-0-1","SWW090083-0-0-0-1",7,62.98416171
"SWW090083-0-0-0-2","SWW090083-0-0-0-2",3,74.20575955
"SWW090083-0-0-0-3","SWW090083-0-0-0-3",7,62.98416171
"SWW090092-0-0-0-1","SWW090092-0-0-0-1",1,61.76032788
"SWW090092-0-0-0-2","SWW090092-0-0-0-2",1,62.98416171
"SWW090092-0-0-0-3","SWW090092-0-0-0-3",1,62.98416171
"SWW090093-0-0-0-1","SWW090093-0-0-0-1",1,61.13805629
"SWW090093-0-0-0-2","SWW090093-0-0-0-2",1,63.85546978
"SWW090093-0-0-0-3","SWW090093-0-0-0-3",1,59.80881314
"SWW090093-0-0-0-4","SWW090093-0-0-0-4",1,62.98416171
"SWW090093-0-0-0-5","SWW090093-0-0-0-5",1,62.98416171
"SWW090094-0-0-0-1","SWW090094-0-0-0-1",1,62.98416171
"SWW090094-0-0-0-2","SWW090094-0-0-0-2",1,62.98416171
"SWW090094-0-0-0-3","SWW090094-0-0-0-3",1,62.98416171
"SWW090094-0-0-0-4","SWW090094-0-0-0-4",1,62.98416171
"SWW090094-0-0-0-5","SWW090094-0-0-0-5",1,62.98416171
"SWW090094-0-0-0-6","SWW090094-0-0-0-6",1,62.98416171
"SWW090095-0-0-0-1","SWW090095-0-0-0-1",1,62.98416171
"SWW090095-0-0-0-2","SWW090095-0-0-0-2",1,62.98416171
"SWW090095-0-0-0-3","SWW090095-0-0-0-3",1,62.98416171
"SWW090095-0-0-0-4","SWW090095-0-0-0-4",1,65.74793595
"SWW090095-0-0-0-5","SWW090095-0-0-0-5",1,62.98416171
"SWW090095-0-0-0-6","SWW090095-0-0-0-6",1,62.98416171
"SWW090104-0-0-0-1","SWW090104-0-0-0-1",1,62.98416171
"SWW090104-0-0-0-2","SWW090104-0-0-0-2",3,62.98416171
"SWW090107-0-0-0-1","SWW090107-0-0-0-1",3,62.98416171
"SWW090109-0-0-0-1","SWW090109-0-0-0-1",3,62.98416171
"SWW090112-0-0-0-1","SWW090112-0-0-0-1",3,62.98416171
"SWW090112-0-0-0-2","SWW090112-0-0-0-2",3,62.98416171
"SWW090112-0-0-0-3","SWW090112-0-0-0-3",2,62.98416171
"SWW090119-0-0-0-1","SWW090119-0-0-0-1",1,62.98416171
"SWW090119-0-0-0-2","SWW090119-0-0-0-2",7,62.98416171
"SWW090119-0-0-0-3","SWW090119-0-0-0-3",1,62.98416171
"SWW090127-0-0-0-1","SWW090127-0-0-0-1",1,62.98416171
"SWW090127-0-0-0-2","SWW090127-0-0-0-2",1,62.98416171
"SWW090128-0-0-0-1","SWW090128-0-0-0-1",1,62.98416171
"SWW090128-0-0-0-2","SWW090128-0-0-0-2",1,62.45487919
"SWW090128-0-0-0-3","SWW090128-0-0-0-3",1,62.98416171
"SWW090128-0-0-0-4","SWW090128-0-0-0-4",1,60.39726256
"SWW090128-0-0-0-5","SWW090128-0-0-0-5",1,59.66185068
"SWW090128-0-0-0-6","SWW090128-0-0-0-6",1,60.43307139
"SWW090129-0-0-0-1","SWW090129-0-0-0-1",2,57.81612738
"SWW090129-0-0-0-2","SWW090129-0-0-0-2",2,63.79147119
"SWW090129-0-0-0-3","SWW090129-0-0-0-3",2,62.98416171
"SWW090166-0-0-0-1","SWW090166-0-0-0-1",1,62.98416171
"SWW090174-0-0-0-1","SWW090174-0-0-0-1",1,60.68902333
"SWW090174-0-0-0-2","SWW090174-0-0-0-2",3,62.98416171
"SWW090174-0-0-0-3","SWW090174-0-0-0-3",1,62.98416171
"SWW090174-0-0-0-5","SWW090174-0-0-0-5",1,57.07290114
"SWW090174-0-0-0-6","SWW090174-0-0-0-6",1,60.00665341
"SWW090174-0-0-0-7","SWW090174-0-0-0-7",1,62.98416171
"SWW090176-0-0-0-1","SWW090176-0-0-0-1",1,62.98416171
"SWW090177-0-0-0-1","SWW090177-0-0-0-1",1,62.98416171
"SWW090177-0-0-0-2","SWW090177-0-0-0-2",1,59.62815883
"SWW090177-0-0-0-3","SWW090177-0-0-0-3",3,62.98416171
"SWW090177-0-0-0-4","SWW090177-0-0-0-4",1,62.98416171
"SWW090181-0-0-0-1","SWW090181-0-0-0-1",7,63.68371277
"SWW090181-0-0-0-2","SWW090181-0-0-0-2",7,65.73594754
"SWW090181-0-0-0-3","SWW090181-0-0-0-3",1,62.66006831
"SWW090181-0-0-0-4","SWW090181-0-0-0-4",7,70.26370198
"SWW090182-0-0-0-1","SWW090182-0-0-0-1",3,62.98416171
"SWW090182-0-0-0-2","SWW090182-0-0-0-2",1,62.98416171
"SWW090182-0-0-0-3","SWW090182-0-0-0-3",3,62.98416171
"SWW090182-0-0-0-4","SWW090182-0-0-0-4",7,76.75141603
"SWW090182-0-0-0-5","SWW090182-0-0-0-5",3,62.98416171
"SWW090182-0-0-0-6","SWW090182-0-0-0-6",3,62.98416171
"SWW090182-0-0-0-7","SWW090182-0-0-0-7",7,81.84272898
"SWW090182-0-0-0-8","SWW090182-0-0-0-8",7,62.98416171
"SWW090183-0-0-0-1","SWW090183-0-0-0-1",1,65.60709767
"SWW090183-0-0-0-2","SWW090183-0-0-0-2",5,62.98416171
"SWW090184-0-0-0-1","SWW090184-0-0-0-1",1,62.98416171
"SWW090185-0-0-0-1","SWW090185-0-0-0-1",1,62.98416171
"SWW090185-0-0-0-2","SWW090185-0-0-0-2",1,70.14841877
"SWW090185-0-0-0-3","SWW090185-0-0-0-3",1,62.98416171
"SWW090185-0-0-0-4","SWW090185-0-0-0-4",1,62.98416171
"SWW090185-0-0-0-5","SWW090185-0-0-0-5",1,62.98416171
"SWW090185-0-0-0-6","SWW090185-0-0-0-6",1,67.07253954
"SWW090190-0-0-0-1","SWW090190-0-0-0-1",1,62.98416171
"SWW090191-0-0-0-1","SWW090191-0-0-0-1",1,67.87906504
"SWW090194-0-0-0-1","SWW090194-0-0-0-1",1,62.98416171
"SWW090198-0-0-0-1","SWW090198-0-0-0-1",1,62.98416171
"SWW090204-0-0-0-1","SWW090204-0-0-0-1",7,62.98416171
"SWW090207-0-0-0-2","SWW090207-0-0-0-2",7,62.98416171
"SWW090207-0-0-0-3","SWW090207-0-0-0-3",1,62.98416171
"SWW090210-0-0-0-1","SWW090210-0-0-0-1",1,62.98416171
"SWW090210-0-0-0-2","SWW090210-0-0-0-2",1,65.32424695
"SWW090210-0-0-0-3","SWW090210-0-0-0-3",1,62.98416171
"SWW090210-0-0-0-4","SWW090210-0-0-0-4",1,62.98416171
"SWW090210-0-0-0-5","SWW090210-0-0-0-5",1,62.98416171
"SWW090210-0-0-0-6","SWW090210-0-0-0-6",1,64.64540522
"SWW090210-0-0-0-7","SWW090210-0-0-0-7",1,63.89160065
"SWW090210-0-0-0-8","SWW090210-0-0-0-8",1,58.83438997
"SWW090214-0-0-0-1","SWW090214-0-0-0-1",1,62.98416171
"SWW090214-0-0-0-2","SWW090214-0-0-0-2",7,62.98416171
"SWW090214-0-0-0-3","SWW090214-0-0-0-3",2,62.98416171
"SWW090214-0-0-0-4","SWW090214-0-0-0-4",3,62.98416171
"SWW090214-0-0-0-5","SWW090214-0-0-0-5",1,62.98416171
"SWW090214-0-0-0-6","SWW090214-0-0-0-6",2,67.70019299
"SWW090214-0-0-0-7","SWW090214-0-0-0-7",1,62.98416171
"SWW090227-0-0-0-1","SWW090227-0-0-0-1",3,62.98416171
"SWW090227-0-0-0-2","SWW090227-0-0-0-2",1,62.98416171
"SWW090227-0-0-0-3","SWW090227-0-0-0-3",7,79.52335308
"SWW090231-0-0-0-1","SWW090231-0-0-0-1",1,62.98416171
"SWW090231-0-0-0-10","SWW090231-0-0-0-10",1,62.98416171
"SWW090231-0-0-0-2","SWW090231-0-0-0-2",1,62.98416171
"SWW090231-0-0-0-3","SWW090231-0-0-0-3",1,63.68371277
"SWW090231-0-0-0-4","SWW090231-0-0-0-4",1,59.30298107
"SWW090231-0-0-0-5","SWW090231-0-0-0-5",1,62.98416171
"SWW090231-0-0-0-6","SWW090231-0-0-0-6",1,62.98416171
"SWW090231-0-0-0-7","SWW090231-0-0-0-7",1,62.98416171
"SWW090231-0-0-0-8","SWW090231-0-0-0-8",1,62.98416171
"SWW090231-0-0-0-9","SWW090231-0-0-0-9",1,62.98416171
"SWW090234-0-0-0-1","SWW090234-0-0-0-1",3,62.98416171
"SWW090253-0-0-0-1","SWW090253-0-0-0-1",3,67.02135127
"SWW090253-0-0-0-3","SWW090253-0-0-0-3",3,62.98416171
"SWW090253-0-0-0-4","SWW090253-0-0-0-4",3,62.98416171
"SWW090253-0-0-0-5","SWW090253-0-0-0-5",7,62.98416171
"SWW090253-0-0-0-6","SWW090253-0-0-0-6",3,62.98416171
"SWW090253-0-0-0-7","SWW090253-0-0-0-7",1,62.98416171
"SWW090253-0-0-0-8","SWW090253-0-0-0-8",3,62.98416171
"SWW090256-0-0-0-1","SWW090256-0-0-0-1",7,62.98416171
"SWW090257-0-0-0-1","SWW090257-0-0-0-1",7,62.98416171
"SWW090257-0-0-0-2","SWW090257-0-0-0-2",1,62.98416171
"SWW090258-0-0-0-1","SWW090258-0-0-0-1",7,62.98416171
"SWW090258-0-0-0-2","SWW090258-0-0-0-2",7,62.98416171
"SWW090258-0-0-0-3","SWW090258-0-0-0-3",7,62.98416171
"SWW090258-0-0-0-4","SWW090258-0-0-0-4",7,62.98416171
"SWW090258-0-0-0-5","SWW090258-0-0-0-5",7,62.98416171
"SWW090275-0-0-0-1","SWW090275-0-0-0-1",7,62.98416171
"SWW090275-0-0-0-2","SWW090275-0-0-0-2",7,62.98416171
"SWW090281-0-0-0-1","SWW090281-0-0-0-1",7,62.98416171
"SWW090281-0-0-0-2","SWW090281-0-0-0-2",7,62.98416171
"SWW090284-0-0-0-1","SWW090284-0-0-0-1",7,62.98416171
"SWW090284-0-0-0-2","SWW090284-0-0-0-2",1,62.98416171
"SWW090285-0-0-0-1","SWW090285-0-0-0-1",7,62.98416171
"SWW090292-0-0-0-1","SWW090292-0-0-0-1",1,62.98416171
"SWW090292-0-0-0-10","SWW090292-0-0-0-10",1,62.15631889
"SWW090292-0-0-0-2","SWW090292-0-0-0-2",1,62.98416171
"SWW090292-0-0-0-3","SWW090292-0-0-0-3",3,62.98416171
"SWW090292-0-0-0-4","SWW090292-0-0-0-4",1,62.98416171
"SWW090292-0-0-0-5","SWW090292-0-0-0-5",1,62.98416171
"SWW090292-0-0-0-6","SWW090292-0-0-0-6",1,62.98416171
"SWW090292-0-0-0-7","SWW090292-0-0-0-7",1,62.98416171
"SWW090292-0-0-0-8","SWW090292-0-0-0-8",1,62.98416171
"SWW090292-0-0-0-9","SWW090292-0-0-0-9",1,62.98416171
"SWW090294-0-0-0-1","SWW090294-0-0-0-1",1,62.98416171
"SWW090294-0-0-0-2","SWW090294-0-0-0-2",1,62.98416171
"SWW090295-0-0-0-1","SWW090295-0-0-0-1",7,62.98416171
"SWW090295-0-0-0-2","SWW090295-0-0-0-2",7,62.98416171
"SWW090295-0-0-0-3","SWW090295-0-0-0-3",3,62.98416171
"SWW090299-0-0-0-1","SWW090299-0-0-0-1",7,62.98416171
"SWW090303-0-0-0-1","SWW090303-0-0-0-1",1,62.98416171
"SWW090305-0-0-0-1","SWW090305-0-0-0-1",1,62.98416171
"SWW090305-0-0-0-2","SWW090305-0-0-0-2",1,62.98416171
"SWW10044-B-0-1-1","SWW10044-B-0-1-1",1,62.98416171
"SWW10044-B-0-1-2","SWW10044-B-0-1-2",1,62.98416171
"SWW10044-B-0-1-3","SWW10044-B-0-1-3",1,62.98416171
"SWW10044-B-0-1-4","SWW10044-B-0-1-4",1,62.98416171
"SWW10044-B-0-1-5","SWW10044-B-0-1-5",1,62.98416171
"SWW10044-B-0-1-6","SWW10044-B-0-1-6",1,62.98416171
"SWW10044-B-0-1-7","SWW10044-B-0-1-7",1,62.98416171
"SWW10044-B-0-1-8","SWW10044-B-0-1-8",1,62.98416171
"SWW10059-B-0-1-1","SWW10059-B-0-1-1",1,62.98416171
"SWW10059-B-0-1-2","SWW10059-B-0-1-2",1,62.98416171
"SWW10059-B-0-1-4","SWW10059-B-0-1-4",1,62.98416171
"SWW10059-B-0-1-5","SWW10059-B-0-1-5",1,62.98416171
"SWW10059-B-0-1-6","SWW10059-B-0-1-6",1,62.98416171
"SWW10059-B-0-1-7","SWW10059-B-0-1-7",1,62.98416171
"SWW10060-B-0-1-1","SWW10060-B-0-1-1",1,62.98416171
"SWW10060-B-0-1-2","SWW10060-B-0-1-2",1,62.98416171
"SWW10060-B-0-1-3","SWW10060-B-0-1-3",1,62.98416171
"SWW10060-B-0-1-4","SWW10060-B-0-1-4",1,62.98416171
"SWW10060-B-0-1-5","SWW10060-B-0-1-5",1,62.98416171
"SWW10060-B-0-1-6","SWW10060-B-0-1-6",1,62.98416171
"SWW10060-B-0-1-7","SWW10060-B-0-1-7",1,62.98416171
"SWW10147-B-0-1-1","SWW10147-B-0-1-1",3,62.98416171
"SWW10147-B-0-1-2","SWW10147-B-0-1-2",7,62.98416171
"SWW10147-B-0-1-3","SWW10147-B-0-1-3",3,62.98416171
"SWW10147-B-0-1-4","SWW10147-B-0-1-4",3,62.98416171
"SWW10147-B-0-1-5","SWW10147-B-0-1-5",3,62.98416171
"SWW10147-B-0-1-6","SWW10147-B-0-1-6",7,62.98416171
"SWW10170-B-0-1-1","SWW10170-B-0-1-1",1,62.98416171
"SWW10170-B-0-1-2","SWW10170-B-0-1-2",1,62.98416171
"SWW10170-B-0-1-3","SWW10170-B-0-1-3",1,62.98416171
"SWW10171-B-0-1-1","SWW10171-B-0-1-1",3,62.98416171
"SWW10171-B-0-1-2","SWW10171-B-0-1-2",7,62.98416171
"SWW10171-B-0-1-3","SWW10171-B-0-1-3",1,62.98416171
"SWW10171-B-0-1-4","SWW10171-B-0-1-4",1,62.98416171
"SWW10171-B-0-1-5","SWW10171-B-0-1-5",1,60.09786005
"SWW10171-B-0-1-6","SWW10171-B-0-1-6",1,58.42268938
"SWW10171-B-0-1-7","SWW10171-B-0-1-7",1,60.74206529
"SWW10171-B-0-1-8","SWW10171-B-0-1-8",1,64.47569479
"SWW10172-B-0-1-1","SWW10172-B-0-1-1",1,62.98416171
"SWW10172-B-0-1-2","SWW10172-B-0-1-2",1,62.98416171
"SWW10172-B-0-1-3","SWW10172-B-0-1-3",1,62.98416171
"SWW10172-B-0-1-4","SWW10172-B-0-1-4",1,62.98416171
"SWW10172-B-0-1-5","SWW10172-B-0-1-5",1,62.98416171
"SWW10172-B-0-1-6","SWW10172-B-0-1-6",1,62.98416171
"SWW10176-B-0-1-1","SWW10176-B-0-1-1",1,62.98416171
"SWW10176-B-0-1-2","SWW10176-B-0-1-2",1,62.98416171
"SWW10176-B-0-1-3","SWW10176-B-0-1-3",1,62.98416171
"SWW10176-B-0-1-4","SWW10176-B-0-1-4",1,62.98416171
"SWW10176-B-0-1-5","SWW10176-B-0-1-5",1,62.98416171
"SWW10177-B-0-1-1","SWW10177-B-0-1-1",1,62.98416171
"SWW10177-B-0-1-10","SWW10177-B-0-1-10",7,62.98416171
"SWW10177-B-0-1-2","SWW10177-B-0-1-2",7,62.98416171
"SWW10177-B-0-1-3","SWW10177-B-0-1-3",7,62.98416171
"SWW10177-B-0-1-4","SWW10177-B-0-1-4",7,62.98416171
"SWW10177-B-0-1-5","SWW10177-B-0-1-5",3,62.98416171
"SWW10177-B-0-1-6","SWW10177-B-0-1-6",1,62.98416171
"SWW10177-B-0-1-7","SWW10177-B-0-1-7",1,62.98416171
"SWW10177-B-0-1-8","SWW10177-B-0-1-8",1,62.98416171
"SWW10177-B-0-1-9","SWW10177-B-0-1-9",4,62.98416171
"SWW10178-B-0-1-1","SWW10178-B-0-1-1",1,62.98416171
"SWW10178-B-0-1-2","SWW10178-B-0-1-2",1,62.98416171
"SWW10178-B-0-1-3","SWW10178-B-0-1-3",1,62.98416171
"SWW10178-B-0-1-4","SWW10178-B-0-1-4",1,62.98416171
"SWW10178-B-0-1-5","SWW10178-B-0-1-5",1,62.98416171
"SWW10178-B-0-1-6","SWW10178-B-0-1-6",1,62.98416171
"SWW10178-B-0-1-7","SWW10178-B-0-1-7",1,62.98416171
"SWW10178-B-0-1-8","SWW10178-B-0-1-8",1,62.98416171
"SWW10178-B-0-1-9","SWW10178-B-0-1-9",1,62.98416171
"SWW10179-B-0-1-1","SWW10179-B-0-1-1",1,62.98416171
"SWW10179-B-0-1-2","SWW10179-B-0-1-2",1,62.98416171
"SWW10179-B-0-1-3","SWW10179-B-0-1-3",1,62.98416171
"SWW10179-B-0-1-4","SWW10179-B-0-1-4",1,62.21288903
"SWW10179-B-0-1-5","SWW10179-B-0-1-5",1,62.98416171
"SWW10179-B-0-1-6","SWW10179-B-0-1-6",1,68.49217501
"SWW10179-B-0-1-7","SWW10179-B-0-1-7",1,62.98416171
"SWW10180-B-0-1-1","SWW10180-B-0-1-1",3,62.98416171
"SWW10180-B-0-1-2","SWW10180-B-0-1-2",7,62.98416171
"SWW10180-B-0-1-3","SWW10180-B-0-1-3",1,62.98416171
"SWW10180-B-0-1-4","SWW10180-B-0-1-4",7,62.98416171
"SWW10180-B-0-1-5","SWW10180-B-0-1-5",7,62.98416171
"SWW10180-B-0-1-6","SWW10180-B-0-1-6",3,62.98416171
"SWW10180-B-0-1-7","SWW10180-B-0-1-7",7,62.98416171
"SWW10180-B-0-1-8","SWW10180-B-0-1-8",7,62.98416171
"SWW10180-B-0-1-9","SWW10180-B-0-1-9",7,62.98416171
"SWW10181-B-0-1-1","SWW10181-B-0-1-1",1,62.98416171
"SWW10181-B-0-1-2","SWW10181-B-0-1-2",3,62.98416171
"SWW10181-B-0-1-3","SWW10181-B-0-1-3",1,62.98416171
"SWW10182-B-0-1-1","SWW10182-B-0-1-1",7,62.98416171
"SWW10182-B-0-1-2","SWW10182-B-0-1-2",7,62.98416171
"SWW10185-B-0-1-1","SWW10185-B-0-1-1",3,62.98416171
"SWW11140-1-DH-14-4","SWW11140-1-DH-14-4",1,62.98416171
"SWW11140-2-DH-19-4","SWW11140-2-DH-19-4",1,62.98416171
"SWW11141-1-DH-2-4","SWW11141-1-DH-2-4",1,62.98416171
"SWW11141-2-DH-6-4","SWW11141-2-DH-6-4",1,62.98416171
