"","Genotype","DP_2015","DP_2017","DP_2018","DP_2019","DP_2015_2017","DP_2015_2018","DP_2015_2019"
"2004X112-7-0-2",1,-21.3260779046588,38.0241591574099,97.1355474198047,35.1968270571827,8.875,38.3016039051604,37.5546548117154
"2004X151-5-0-4",2,109.983445904865,117.071778205029,77.9272140864714,-20.719839609484,113.4375,101.594316596932,70.9865324267782
"5J030235-4",3,116.955815213186,108.311716141168,57.1355474198047,35.1968270571827,112.542372881356,94.0798524927317,79.3883412523937
"5J030235-7",4,76.9558152131859,88.3117161411677,17.1355474198047,75.1968270571827,82.542372881356,60.746519159398,64.3883412523936
"5J030465-1",5,116.955815213186,68.3117161411677,17.1355474198047,15.1968270571827,92.5423728813557,67.4131858260647,54.3883412523938
"5J030662-13",6,76.9558152131859,48.3117161411677,-2.86445258019528,-4.80317294281729,62.542372881356,40.746519159398,29.3883412523935
"5J040094-1",7,76.9558152131859,28.3117161411677,-2.86445258019528,-44.8031729428173,52.5423728813559,34.0798524927314,14.3883412523937
"5J040150-1",8,96.9558152131859,68.3117161411677,37.1355474198047,-4.80317294281729,82.5423728813559,67.4131858260645,49.3883412523937
"5J050278-4",9,96.9558152131859,88.3117161411677,17.1355474198047,-24.8031729428173,92.5423728813559,67.4131858260648,44.3883412523937
"5J050278-6",10,56.9558152131859,88.3117161411677,17.1355474198047,-44.8031729428173,72.542372881356,54.0798524927313,29.3883412523937
"5J050304-1",11,56.9558152131865,88.3117161411674,77.1355474198047,95.1968270571827,72.5423728813556,74.0798524927318,79.3883412523921
"5J050348-2",12,16.9558152131859,108.311716141168,17.1355474198047,-44.8031729428173,62.542372881356,47.413185826065,24.3883412523936
"5J050348-3",13,36.9558152131859,108.311716141168,37.1355474198047,-44.8031729428173,72.5423728813559,60.7465191593981,34.3883412523937
"5J050390-1",14,76.9558152131859,108.311716141168,-2.86445258019528,-44.8031729428173,92.542372881356,60.7465191593981,34.3883412523937
"5J050390-4",15,96.9558152131859,108.311716141168,37.1355474198047,-44.8031729428173,102.542372881356,80.7465191593981,49.3883412523934
"5J050409-2",16,16.9558152131844,88.3117161411673,37.1355474198047,15.1968270571827,52.5423728813574,47.4131858260637,39.3883412523899
"5J061865-1",17,56.9558152131862,88.3117161411677,57.1355474198047,-44.8031729428173,72.5423728813547,67.4131858260624,39.388341252396
"5J061865-10",18,36.9558152131872,108.311716141168,77.1355474198047,-24.8031729428173,72.5423728813544,74.0798524927301,49.3883412523894
"5J061865-11",19,116.955815213183,68.3117161411675,17.1355474198047,-4.80317294281729,92.5423728813566,67.4131858260662,49.3883412523924
"5J061865-4",20,-43.044184786814,88.3117161411678,57.1355474198047,-4.80317294281729,22.5423728813563,34.0798524927321,24.3883412523908
"5J061865-5",21,76.9558152131853,88.3117161411676,37.1355474198047,-4.80317294281729,82.5423728813557,67.4131858260636,49.388341252396
"5J061865-6",22,96.955815213186,108.311716141168,-2.86445258019528,55.1968270571827,102.542372881356,67.4131858260649,64.3883412523932
"5J061865-7",23,96.9558152131859,108.311716141168,57.1355474198047,115.196827057183,102.542372881356,87.4131858260652,94.3883412523947
"5J061865-8",24,96.955815213186,108.311716141168,17.1355474198047,35.1968270571827,102.542372881356,74.0798524927311,64.3883412523945
"5J061865-9",25,76.9558152131859,108.311716141168,37.1355474198047,75.1968270571827,92.5423728813576,74.0798524927272,74.3883412524033
"5J061870-11",26,96.9558152131859,108.311716141168,-42.8644525801953,-4.80317294281729,102.542372881356,54.0798524927314,39.3883412523943
"5J061870-12",27,76.9558152131859,88.3117161411677,-22.8644525801953,55.1968270571827,82.542372881356,47.4131858260647,49.3883412523937
"5J061870-7",28,96.9558152131859,68.3117161411677,17.1355474198047,-4.80317294281729,82.5423728813559,60.7465191593981,44.3883412523936
"5J062060-8",29,96.9558152131859,88.3117161411677,-2.86445258019528,-24.8031729428173,92.5423728813558,60.7465191593979,39.3883412523936
"5J062064-6",30,36.9558152131859,88.3117161411677,17.1355474198047,-24.8031729428173,62.5423728813559,47.4131858260648,29.3883412523938
"5J062064-7",31,36.9558152131859,108.311716141168,-2.86445258019528,-24.8031729428173,72.542372881356,47.4131858260649,29.3883412523937
"5J062100-1",32,16.9558152131859,108.311716141168,17.1355474198047,75.1968270571827,62.5423728813559,47.4131858260646,54.3883412523938
"5J062100-2",33,-3.04418478681406,108.311716141168,57.1355474198047,75.1968270571827,52.5423728813558,54.0798524927313,59.3883412523937
"5J062100-3",34,16.9558152131859,108.311716141168,17.1355474198047,55.1968270571827,62.542372881356,47.4131858260647,49.3883412523935
"5J062100-4",35,16.9558152131859,108.311716141168,-2.86445258019528,35.1968270571827,62.5423728813559,40.746519159398,39.3883412523937
"5J062100-6",36,96.9558152131859,108.311716141168,17.1355474198047,55.1968270571827,102.542372881356,74.0798524927314,69.3883412523936
"5J062111-2",37,96.9558152131859,108.311716141168,-2.86445258019528,15.1968270571827,102.542372881356,67.4131858260648,54.3883412523937
"5J062167-2",38,96.9558152131859,108.311716141168,57.1355474198047,115.196827057183,102.542372881356,87.4131858260646,94.3883412523937
"5J062174-3",39,56.9558152131859,108.311716141168,17.1355474198047,115.196827057183,82.542372881356,60.7465191593977,74.3883412523937
"5J062199-1",40,36.9558152131859,108.311716141168,77.1355474198047,135.196827057183,72.5423728813558,74.0798524927316,89.388341252394
"5J062215-6",41,76.9558152131859,108.311716141168,97.1355474198047,115.196827057183,92.5423728813561,94.0798524927316,99.3883412523938
"5J062217-3",42,36.9558152131859,88.3117161411677,77.1355474198047,115.196827057183,62.5423728813559,67.4131858260645,79.3883412523939
"5J062227-1",43,76.9558152131859,68.3117161411677,37.1355474198047,95.1968270571827,72.5423728813551,60.7465191593976,69.3883412523933
"5J062248-1",44,76.9558152131859,108.311716141168,97.1355474198047,75.1968270571827,92.542372881356,94.0798524927315,89.3883412523942
"5J062268-1",45,36.9558152131859,88.3117161411677,77.1355474198047,35.1968270571827,62.5423728813561,67.413185826065,59.3883412523943
"6J020187-2",46,36.9558152131859,108.311716141168,-2.86445258019528,-24.8031729428173,72.5423728813559,47.4131858260647,29.3883412523938
"6J020210-1",47,56.9558152131859,108.311716141168,77.1355474198047,55.1968270571827,82.542372881356,80.7465191593981,74.3883412523937
"6J020219-1",48,56.9558152131859,88.3117161411677,57.1355474198047,-4.80317294281729,72.542372881356,67.4131858260647,49.3883412523937
"6J020219-3",49,-3.04418478681406,108.311716141168,37.1355474198047,-4.80317294281729,52.542372881356,47.4131858260648,34.3883412523935
"6J020288-1",50,96.9558152131859,88.3117161411677,17.1355474198047,-4.80317294281729,92.542372881356,67.4131858260647,49.3883412523936
"98X371-3C",51,58.6739220953412,58.0241591574099,97.1355474198047,55.1968270571827,58.875,71.6349372384937,67.5546548117154
"98X402-1C",52,78.6739220953412,38.0241591574099,77.1355474198047,35.1968270571827,58.875,64.968270571827,57.5546548117154
"98X471-2C",53,98.6739220953412,78.0241591574099,97.1355474198047,75.1968270571827,88.875,91.6349372384937,87.5546548117154
"98X472-4C",54,-1.32607790465878,98.0241591574099,57.1355474198047,15.1968270571827,48.875,51.6349372384937,42.5546548117154
"A00103",55,-1.32607790465878,58.0241591574099,77.1355474198047,55.1968270571827,28.875,44.968270571827,47.5546548117154
"A00122",56,18.6739220953412,78.0241591574099,77.1355474198047,95.1968270571827,48.875,58.3016039051604,67.5546548117154
"A00150",57,18.6739220953412,98.0241591574099,97.1355474198047,115.196827057183,58.875,71.6349372384937,82.5546548117154
"A00151",58,-21.3260779046588,78.0241591574099,77.1355474198047,35.1968270571827,28.875,44.968270571827,42.5546548117154
"A00154",59,58.6739220953412,98.0241591574099,77.1355474198047,75.1968270571827,78.875,78.3016039051604,77.5546548117154
"A00166",60,38.6739220953412,78.0241591574099,77.1355474198047,35.1968270571827,58.875,64.968270571827,57.5546548117154
"A00181",61,78.6739220953412,98.0241591574099,97.1355474198047,55.1968270571827,88.875,91.6349372384937,82.5546548117154
"A00187",62,-21.3260779046588,98.0241591574099,77.1355474198047,-44.8031729428173,38.875,51.6349372384937,27.5546548117154
"A00198",63,58.6739220953412,98.0241591574099,117.135547419805,55.1968270571827,78.875,91.6349372384937,82.5546548117154
"A00203",64,58.6739220953412,58.0241591574099,77.1355474198047,15.1968270571827,58.875,64.968270571827,52.5546548117154
"A00212",65,38.6739220953412,78.0241591574099,97.1355474198047,55.1968270571827,58.875,71.6349372384937,67.5546548117154
"A00228",66,58.6739220953412,78.0241591574099,97.1355474198047,-4.80317294281729,68.875,78.3016039051604,57.5546548117154
"A00229",67,18.6739220953412,78.0241591574099,77.1355474198047,75.1968270571827,48.875,58.3016039051604,62.5546548117154
"A00248",68,58.6739220953412,78.0241591574099,97.1355474198047,35.1968270571827,68.875,78.3016039051604,67.5546548117154
"A99105",69,38.6739220953412,78.0241591574099,77.1355474198047,95.1968270571827,58.875,64.968270571827,72.5546548117154
"A99138",70,98.6739220953412,98.0241591574099,97.1355474198047,-4.80317294281729,98.875,98.3016039051604,72.5546548117154
"A99165",71,78.6739220953412,78.0241591574099,97.1355474198047,95.1968270571827,78.875,84.968270571827,87.5546548117154
"A99236",72,38.6739220953412,78.0241591574099,77.1355474198047,-4.80317294281729,58.875,64.968270571827,47.5546548117154
"AMBER",73,36.5310649524841,74.4527305859814,97.9272140864714,59.280160390516,55.25,69.4693165969317,66.892782426778
"ARS00127",74,-1.32607790465878,78.0241591574099,97.1355474198047,115.196827057183,38.875,58.3016039051604,72.5546548117154
"ARS00173",75,16.5310649524841,94.4527305859814,57.9272140864714,79.280160390516,55.25,56.1359832635984,61.892782426778
"ARS00226",76,36.5310649524841,114.452730585981,77.9272140864714,59.280160390516,75.25,76.1359832635984,71.892782426778
"ARS00235",77,-3.46893504751587,94.4527305859814,77.9272140864714,99.280160390516,45.25,56.1359832635984,66.892782426778
"ARS00258",78,-3.46893504751587,114.452730585981,97.9272140864714,59.280160390516,55.25,69.4693165969317,66.892782426778
"ARS010704-1L",79,78.6739220953412,98.0241591574099,97.1355474198047,95.1968270571827,88.875,91.6349372384937,92.5546548117154
"ARS010719-4L",80,63.435826857246,115.167016300267,57.1355474198047,55.1968270571827,89.125,78.4682705718271,72.6796548117155
"ARS010746-2C",81,63.435826857246,75.1670163002671,77.1355474198047,15.1968270571827,69.125,71.8016039051604,57.6796548117155
"ARS010762-2C",82,43.435826857246,75.1670163002671,57.1355474198047,75.1968270571827,59.125,58.4682705718271,62.6796548117155
"ARS010769-6C",83,63.435826857246,75.1670163002671,77.1355474198047,-4.80317294281729,69.125,71.8016039051604,52.6796548117155
"ARS010780-1L",84,76.9558152131859,68.3117161411677,-42.8644525801953,-4.80317294281729,72.542372881356,34.0798524927314,24.3883412523936
"ARS010780-3C",85,76.9558152131859,68.3117161411677,-22.8644525801953,15.1968270571827,72.542372881356,40.7465191593981,34.3883412523938
"ARS960277L-R",86,18.6739220953412,118.02415915741,117.135547419805,55.1968270571827,68.875,84.968270571827,77.5546548117154
"ARS96105",87,58.6739220953412,78.0241591574099,77.1355474198047,55.1968270571827,68.875,71.6349372384937,67.5546548117154
"ARS96158",88,-23.4689350475159,94.4527305859814,37.9272140864714,79.280160390516,35.2500000000001,36.1359832635984,46.892782426778
"ARS96277",89,36.5310649524841,114.452730585981,97.9272140864714,39.280160390516,75.25,82.8026499302651,71.892782426778
"ARS970042-1C",90,16.5310649524841,94.4527305859814,77.9272140864714,19.280160390516,55.25,62.8026499302651,51.892782426778
"ARS970071-3C",91,16.5310649524841,114.452730585981,97.9272140864714,39.280160390516,65.25,76.1359832635984,66.892782426778
"ARS970168-2C",92,116.531064952484,94.4527305859814,77.9272140864714,59.280160390516,105.25,96.1359832635984,86.892782426778
"ARS970170-2L",93,116.531064952484,114.452730585981,97.9272140864714,59.280160390516,115.25,109.469316596932,96.892782426778
"ARS970184-1C",94,96.5310649524841,74.4527305859814,77.9272140864714,59.280160390516,85.25,82.8026499302651,76.892782426778
"ARS9702782",95,76.5310649524841,54.4527305859814,57.9272140864714,19.280160390516,65.25,62.8026499302651,51.892782426778
"ARS97173",96,56.5310649524841,34.4527305859814,57.9272140864714,99.280160390516,45.25,49.4693165969317,61.892782426778
"ARS97173-16",97,18.6739220953412,38.0241591574099,77.1355474198047,95.1968270571827,28.875,44.968270571827,57.5546548117154
"ARS97230-6C",98,116.531064952484,94.4527305859814,97.9272140864714,79.280160390516,105.25,102.802649930265,96.892782426778
"ARS98237",99,16.5310649524841,114.452730585981,57.9272140864714,99.280160390516,65.25,62.8026499302651,71.892782426778
"ARS98237-28",100,-1.32607790465878,58.0241591574099,57.1355474198047,75.1968270571827,28.875,38.3016039051604,47.5546548117154
"ARS98X402-1C",101,36.5310649524841,114.452730585981,57.9272140864714,79.280160390516,75.25,69.4693165969317,71.892782426778
"ARS990077-1C",102,23.435826857246,55.1670163002671,57.1355474198047,75.1968270571827,39.125,45.1349372384937,52.6796548117155
"ARS99123",103,36.5310649524841,114.452730585981,77.9272140864714,99.280160390516,75.25,76.1359832635984,81.892782426778
"ARS99137",104,38.6739220953412,58.0241591574099,77.1355474198047,55.1968270571827,48.875,58.3016039051604,57.5546548117154
"ARSC96059-1",105,-3.46893504751587,74.4527305859814,57.9272140864714,79.280160390516,35.25,42.8026499302651,51.892782426778
"ARSC96059-2",106,-3.46893504751587,74.4527305859814,77.9272140864714,79.280160390516,35.25,49.4693165969317,56.892782426778
"BITTERROOT",107,16.5310649524841,74.4527305859814,57.9272140864714,79.280160390516,45.25,49.4693165969317,56.892782426778
"BRUEHL",108,16.5310649524841,94.4527305859814,97.9272140864714,79.280160390516,55.25,69.4693165969317,71.892782426778
"BRUNDAGE96",109,16.5310649524841,94.4527305859814,77.9272140864714,79.280160390516,55.25,62.8026499302651,66.892782426778
"BRUNDAGECF",110,36.5310649524841,94.4527305859814,77.9272140864714,59.280160390516,65.25,69.4693165969317,66.892782426778
"BRUNEAU",111,36.5310649524841,94.4527305859814,77.9272140864714,39.280160390516,65.25,69.4693165969317,61.892782426778
"C960003",112,18.6739220953412,78.0241591574099,37.1355474198047,75.1968270571827,48.875,44.968270571827,52.5546548117154
"C960097",113,-21.3260779046588,98.0241591574099,77.1355474198047,35.1968270571827,38.875,51.6349372384937,47.5546548117154
"CARA",114,76.5310649524841,94.4527305859814,77.9272140864714,-20.719839609484,85.25,82.8026499302651,56.892782426778
"CHRYSTAL",115,56.5310649524841,74.4527305859814,57.9272140864714,19.280160390516,65.25,62.8026499302651,51.892782426778
"CHUKAR",116,116.531064952484,74.4527305859814,57.9272140864714,59.280160390516,95.25,82.8026499302651,76.892782426778
"CODA",117,116.531064952484,74.4527305859814,57.9272140864714,59.280160390516,95.25,82.8026499302651,76.892782426778
"CONCEPT",118,96.5310649524841,54.4527305859814,57.9272140864714,59.280160390516,75.25,69.4693165969317,66.892782426778
"CRESCENT",119,116.531064952484,54.4527305859814,37.9272140864714,59.280160390516,85.25,69.4693165969317,66.892782426778
"DUNE",120,36.5310649524841,54.4527305859814,77.9272140864714,19.280160390516,45.25,56.1359832635984,46.892782426778
"EDWIN",121,98.6739220953413,73.7384448716957,77.9272140864714,39.280160390516,86.375,83.552649930265,72.4552824267782
"ELTAN",122,80.6672247765647,97.9798803747458,97.9272140864714,39.280160390516,89.3365384615385,89.6539981403998,87.850754632397
"F/E-39",123,56.9558152131859,88.3117161411677,17.1355474198047,-4.80317294281729,72.542372881356,54.0798524927314,39.3883412523937
"F/E-4",124,96.9558152131859,88.3117161411677,-2.86445258019528,75.1968270571827,92.542372881356,60.7465191593981,64.3883412523937
"FINCH",125,58.6739220953413,93.7384448716957,97.9272140864714,39.280160390516,76.375,83.552649930265,72.4552824267782
"GOETZE",126,-31.3260779046587,113.738444871696,57.9272140864714,59.280160390516,41.375,46.8859832635983,49.9552824267783
"HILLER",127,-1.32607790465872,93.7384448716957,37.9272140864714,59.280160390516,46.375,43.552649930265,47.4552824267782
"ID00-475-2DH",128,78.6739220953413,113.738444871696,77.9272140864714,59.280160390516,96.375,90.2193165969316,82.4552824267783
"ID581",129,-31.3260779046587,113.738444871696,57.9272140864714,39.280160390516,41.375,46.8859832635983,44.9552824267783
"ID587CF",130,58.6739220953413,113.738444871696,57.9272140864714,39.280160390516,86.375,76.8859832635983,67.4552824267782
"ID589",131,138.673922095341,113.738444871696,57.9272140864714,59.280160390516,126.375,103.552649930265,92.4552824267783
"ID596",132,-31.3260779046587,93.7384448716957,57.9272140864714,39.280160390516,31.375,40.2193165969317,39.9552824267782
"ID654",133,78.6739220953413,73.7384448716957,57.9272140864714,59.280160390516,76.375,70.2193165969317,67.4552824267782
"ID655",134,98.6739220953413,93.7384448716957,57.9272140864714,39.280160390516,96.375,83.552649930265,72.4552824267782
"ID663",135,98.6739220953413,93.7384448716957,37.9272140864714,59.280160390516,96.375,76.8859832635983,72.4552824267782
"ID859",136,118.673922095341,93.7384448716957,77.9272140864714,39.280160390516,106.375,96.8859832635983,82.4552824267782
"ID96-16702A",137,16.5310649524841,74.4527305859814,57.9272140864714,59.280160390516,45.25,49.4693165969317,51.892782426778
"ID99-419",138,138.673922095341,93.7384448716957,57.9272140864714,59.280160390516,116.375,96.8859832635983,87.4552824267782
"J010038-4",139,56.9558152131859,88.3117161411677,57.1355474198047,75.1968270571827,72.542372881356,67.4131858260647,69.3883412523937
"J010039-1",140,81.2929697143889,71.5955877288386,37.1355474198047,95.1968270571827,76,63.0516039051603,71.1171548117155
"J010049-1",141,61.2929697143889,91.5955877288386,37.1355474198047,75.1968270571827,76,63.0516039051603,66.1171548117155
"J010049-2",142,41.2929697143889,51.5955877288386,37.1355474198047,95.1968270571827,46,43.0516039051603,56.1171548117155
"J01C0009-11",143,61.2929697143889,71.5955877288386,57.1355474198047,75.1968270571827,66,63.0516039051603,66.1171548117155
"J950048-001",144,81.2929697143889,91.5955877288386,37.1355474198047,55.1968270571827,86,69.718270571827,66.1171548117155
"J950052-001",145,101.292969714389,111.595587728839,77.1355474198047,-24.8031729428173,106,96.3849372384937,66.1171548117155
"J950056-004",146,101.292969714389,71.5955877288386,37.1355474198047,-4.80317294281729,86,69.718270571827,51.1171548117155
"J950060-001",147,41.2929697143889,71.5955877288386,37.1355474198047,-4.80317294281729,56,49.718270571827,36.1171548117155
"J950077-003",148,81.2929697143889,51.5955877288386,57.1355474198047,35.1968270571827,66,63.0516039051603,56.1171548117155
"J950077-004",149,101.292969714389,71.5955877288386,-2.86445258019528,55.1968270571827,86,56.3849372384937,56.1171548117155
"J950081-001",150,21.2929697143889,71.5955877288386,-2.86445258019528,75.1968270571827,46,29.718270571827,41.1171548117155
"J950086-002",151,41.2929697143889,91.5955877288386,17.1355474198047,-44.8031729428173,66,49.718270571827,26.1171548117155
"J950087-001",152,41.2929697143889,91.5955877288386,57.1355474198047,-4.80317294281729,66,63.0516039051603,46.1171548117155
"J950114-001",153,81.2929697143889,111.595587728839,57.1355474198047,-4.80317294281729,96,83.0516039051603,61.1171548117155
"J950114-002",154,101.292969714389,71.5955877288386,37.1355474198047,95.1968270571827,86,69.718270571827,76.1171548117155
"J950274-001",155,61.2929697143889,111.595587728839,77.1355474198047,35.1968270571827,86,83.0516039051603,71.1171548117155
"J950276-001",156,61.2929697143889,91.5955877288386,97.1355474198047,95.1968270571827,76,83.0516039051603,86.1171548117155
"J950285-001",157,41.2929697143889,71.5955877288386,97.1355474198047,15.1968270571827,56,69.718270571827,56.1171548117155
"J950285-002",158,21.2929697143889,91.5955877288386,97.1355474198047,35.1968270571827,56,69.718270571827,61.1171548117155
"J950289-001",159,21.2929697143889,111.595587728839,97.1355474198047,-24.8031729428173,66,76.3849372384937,51.1171548117155
"J950297-003",160,101.292969714389,111.595587728839,77.1355474198047,35.1968270571827,106,96.3849372384937,81.1171548117155
"J950297-004",161,41.2929697143889,71.5955877288386,77.1355474198047,-24.8031729428173,56,63.0516039051603,41.1171548117155
"J950297-005",162,21.2929697143889,91.5955877288386,57.1355474198047,55.1968270571827,56,56.3849372384937,56.1171548117155
"J950298-006",163,21.2929697143889,91.5955877288386,97.1355474198047,-44.8031729428173,56,69.718270571827,41.1171548117155
"J950315-001",164,121.292969714389,111.595587728839,97.1355474198047,-4.80317294281729,116,109.718270571827,81.1171548117155
"J950346-01",165,81.2929697143889,91.5955877288386,117.135547419805,-44.8031729428173,86,96.3849372384937,61.1171548117155
"J950370-02",166,1.29296971438886,71.5955877288386,57.1355474198047,-24.8031729428173,36,43.0516039051603,26.1171548117155
"J950409-10-2",167,61.2929697143889,91.5955877288386,77.1355474198047,-44.8031729428173,76,76.3849372384937,46.1171548117155
"J950409-10-3",168,41.2929697143889,111.595587728839,77.1355474198047,-24.8031729428173,76,76.3849372384937,51.1171548117155
"J950409-10-4",169,61.2929697143889,111.595587728839,77.1355474198047,-24.8031729428173,86,83.0516039051603,56.1171548117155
"J950409-10-5",170,101.292969714389,111.595587728839,97.1355474198047,15.1968270571827,106,103.05160390516,81.1171548117155
"J950411-02",171,21.2929697143889,71.5955877288386,37.1355474198047,-44.8031729428173,46,43.0516039051603,21.1171548117155
"J950411-03",172,41.2929697143889,71.5955877288386,37.1355474198047,35.1968270571827,56,49.718270571827,46.1171548117155
"J950411-05",173,41.2929697143889,111.595587728839,97.1355474198047,55.1968270571827,76,83.0516039051603,76.1171548117155
"J950411-10",174,61.2929697143889,111.595587728839,77.1355474198047,95.1968270571827,86,83.0516039051603,86.1171548117155
"J950412-01",175,41.2929697143889,111.595587728839,57.1355474198047,-24.8031729428173,76,69.718270571827,46.1171548117155
"J960670-1",176,81.2929697143889,71.5955877288386,37.1355474198047,15.1968270571827,76,63.0516039051603,51.1171548117155
"J960678-5",177,61.2929697143889,71.5955877288386,57.1355474198047,15.1968270571827,66,63.0516039051603,51.1171548117155
"J960793-1",178,61.2929697143889,111.595587728839,57.1355474198047,35.1968270571827,86,76.3849372384937,66.1171548117155
"J960793-3",179,61.2929697143889,111.595587728839,57.1355474198047,15.1968270571827,86,76.3849372384937,61.1171548117155
"J960793-4",180,98.1977316191508,93.9765401097909,77.1355474198047,55.1968270571827,95.9999999999999,89.7182705718271,81.1171548117154
"J960794-2",181,98.1977316191508,93.9765401097909,77.1355474198047,-24.8031729428173,95.9999999999999,89.7182705718271,61.1171548117154
"J960805-2",182,38.1977316191508,53.9765401097909,97.1355474198047,-4.80317294281729,46,63.0516039051604,46.1171548117154
"J960805-4",183,58.1977316191508,73.9765401097909,97.1355474198047,-24.8031729428173,66,76.3849372384937,51.1171548117154
"J961024-1",184,-1.80226838084922,53.9765401097909,77.1355474198047,-44.8031729428173,26,43.0516039051604,21.1171548117154
"J961024-2",185,-21.8022683808492,13.9765401097909,97.1355474198047,-44.8031729428173,-4.00000000000002,29.7182705718271,11.1171548117154
"J961042-2",186,-1.80226838084922,-26.0234598902091,97.1355474198047,55.1968270571827,-14,23.0516039051604,31.1171548117154
"J961101-1",187,98.1977316191508,73.9765401097909,77.1355474198047,75.1968270571827,86,83.0516039051604,81.1171548117154
"J961167-1",188,78.1977316191508,93.9765401097909,77.1355474198047,55.1968270571827,85.9999999999999,83.0516039051604,76.1171548117154
"J961273-1",189,58.1977316191508,73.9765401097909,97.1355474198047,-44.8031729428173,66,76.3849372384937,46.1171548117154
"J970041-5",190,38.1977316191508,93.9765401097909,97.1355474198047,-4.80317294281729,65.9999999999999,76.3849372384937,56.1171548117154
"J970055-4",191,78.1977316191508,73.9765401097909,97.1355474198047,-4.80317294281729,76,83.0516039051604,61.1171548117154
"J970057-1",192,98.1977316191508,113.976540109791,77.1355474198047,15.1968270571827,106,96.3849372384937,76.1171548117155
"J970057-2",193,98.1977316191508,93.9765401097909,57.1355474198047,-24.8031729428173,95.9999999999999,83.0516039051604,56.1171548117154
"J970057-3",194,98.1977316191508,93.9765401097909,57.1355474198047,35.1968270571827,95.9999999999999,83.0516039051604,71.1171548117154
"J970057-5",195,78.1977316191508,73.9765401097909,57.1355474198047,-44.8031729428173,76,69.7182705718271,41.1171548117154
"J970057-9",196,98.1977316191508,53.9765401097909,97.1355474198047,35.1968270571827,76,83.0516039051604,71.1171548117154
"J970062-6",197,98.1977316191508,73.9765401097909,77.1355474198047,-24.8031729428173,86,83.0516039051604,56.1171548117154
"J970067-1",198,98.1977316191508,113.976540109791,97.1355474198047,55.1968270571827,106,103.05160390516,91.1171548117155
"J970067-9",199,58.1977316191508,113.976540109791,97.1355474198047,75.1968270571827,85.9999999999999,89.7182705718271,86.1171548117155
"J970092-2",200,38.1977316191508,93.9765401097909,97.1355474198047,115.196827057183,65.9999999999999,76.3849372384937,86.1171548117154
"J970092-3",201,98.1977316191508,93.9765401097909,117.135547419805,75.1968270571827,95.9999999999999,103.05160390516,96.1171548117154
"J970157-2",202,78.1977316191508,93.9765401097909,37.1355474198047,95.1968270571827,85.9999999999999,69.7182705718271,76.1171548117154
"J970245-1",203,98.1977316191508,93.9765401097909,57.1355474198047,95.1968270571827,95.9999999999999,83.0516039051604,86.1171548117154
"J970284-2",204,18.1977316191508,93.9765401097909,97.1355474198047,115.196827057183,56,69.7182705718271,81.1171548117154
"J970536-1",205,18.1977316191508,113.976540109791,37.1355474198047,55.1968270571827,65.9999999999999,56.3849372384937,56.1171548117154
"J970611-1",206,-1.80226838084922,113.976540109791,37.1355474198047,95.1968270571827,56,49.7182705718271,61.1171548117154
"J970812-6",207,58.1977316191508,113.976540109791,77.1355474198047,75.1968270571827,85.9999999999999,83.0516039051604,81.1171548117155
"J970984-2",208,58.1977316191508,93.9765401097909,97.1355474198047,75.1968270571827,75.9999999999999,83.0516039051604,81.1171548117154
"J971058-2",209,18.1977316191508,73.9765401097909,77.1355474198047,135.196827057183,46,56.3849372384937,76.1171548117154
"J971186-1",210,58.1977316191508,73.9765401097909,97.1355474198047,115.196827057183,66,76.3849372384937,86.1171548117154
"J971221-1",211,118.197731619151,93.9765401097909,77.1355474198047,115.196827057183,106,96.3849372384937,101.117154811715
"J971236-1",212,98.1977316191508,93.9765401097909,77.1355474198047,115.196827057183,95.9999999999999,89.7182705718271,96.1171548117154
"J971249-1",213,78.1977316191508,93.9765401097909,57.1355474198047,115.196827057183,85.9999999999999,76.3849372384937,86.1171548117154
"J980032-3",214,58.1977316191508,93.9765401097909,77.1355474198047,95.1968270571827,75.9999999999999,76.3849372384937,81.1171548117154
"J980032-5",215,58.1977316191508,113.976540109791,77.1355474198047,95.1968270571827,85.9999999999999,83.0516039051604,86.1171548117155
"J980042-1",216,18.1977316191508,93.9765401097909,97.1355474198047,55.1968270571827,56,69.7182705718271,66.1171548117154
"J980042-2",217,78.1977316191508,113.976540109791,77.1355474198047,55.1968270571827,95.9999999999999,89.7182705718271,81.1171548117155
"J980407-1",218,38.1977316191508,93.9765401097909,77.1355474198047,95.1968270571827,65.9999999999999,69.7182705718271,76.1171548117154
"J980408-2",219,58.1977316191508,93.9765401097909,77.1355474198047,35.1968270571827,75.9999999999999,76.3849372384937,66.1171548117154
"J980409-3",220,83.435826857246,95.1670163002671,97.1355474198047,35.1968270571827,89.125,91.8016039051604,77.6796548117155
"J980498-4",221,43.435826857246,55.1670163002671,77.1355474198047,15.1968270571827,49.125,58.4682705718271,47.6796548117155
"J981358-2",222,63.435826857246,75.1670163002671,77.1355474198047,95.1968270571827,69.125,71.8016039051604,77.6796548117155
"J98407-1",223,63.435826857246,75.1670163002671,97.1355474198047,95.1968270571827,69.125,78.468270571827,82.6796548117155
"J98408-2",224,63.435826857246,95.1670163002671,97.1355474198047,135.196827057183,79.125,85.1349372384937,97.6796548117155
"J98C0002",225,63.435826857246,95.1670163002671,37.1355474198047,95.1968270571827,79.125,65.1349372384937,72.6796548117155
"JSDM034",226,43.435826857246,95.1670163002671,57.1355474198047,35.1968270571827,69.125,65.1349372384937,57.6796548117155
"JSDM036",227,43.435826857246,75.1670163002671,77.1355474198047,55.1968270571827,59.125,65.1349372384937,62.6796548117155
"LAMBERTCF",228,78.6739220953413,93.7384448716957,37.9272140864714,19.280160390516,86.375,70.2193165969316,57.4552824267782
"LEWJAIN",229,103.435826857246,95.1670163002671,57.1355474198047,95.1968270571827,99.125,85.1349372384937,87.6796548117155
"MADSEN",230,51.4364555457955,84.133726528592,57.9272140864714,79.280160390516,67.7980769230769,67.4317759181776,67.850754632397
"MARY",231,38.6739220953413,113.738444871696,77.9272140864714,59.280160390516,76.375,76.8859832635983,72.4552824267783
"MASAMI",232,58.6739220953413,93.7384448716957,57.9272140864714,119.280160390516,76.375,70.2193165969317,82.4552824267782
"MOHLER",233,69.7523794784493,66.3919428091834,77.9272140864714,79.280160390516,67.6190476190476,71.0486816762968,73.0773062363021
"MORO",234,103.435826857246,115.167016300267,77.1355474198047,75.1968270571827,109.125,98.4682705718271,92.6796548117155
"N92163-1",235,83.435826857246,95.1670163002671,37.1355474198047,75.1968270571827,89.125,71.8016039051604,72.6796548117155
"N92172-7",236,-16.564173142754,75.1670163002671,77.1355474198047,95.1968270571827,29.125,45.1349372384937,57.6796548117155
"OR2010239",237,58.6739220953413,113.738444871696,57.9272140864714,39.280160390516,86.375,76.8859832635983,67.4552824267782
"OR2010241",238,38.6739220953413,73.7384448716957,77.9272140864714,-0.719839609483973,56.375,63.552649930265,47.4552824267782
"OR2020787",239,38.6739220953413,73.7384448716957,57.9272140864714,-0.719839609483973,56.375,56.8859832635983,42.4552824267782
"OR2030238",240,18.6739220953413,73.7384448716957,57.9272140864714,-0.719839609483973,46.375,50.2193165969317,37.4552824267782
"OR2030239",241,98.6739220953413,73.7384448716957,37.9272140864714,19.280160390516,86.375,70.2193165969317,57.4552824267782
"OR2030411",242,-21.3260779046587,73.7384448716957,57.9272140864714,39.280160390516,26.375,36.8859832635983,37.4552824267782
"OR2030554",243,58.6739220953413,53.7384448716957,37.9272140864714,19.280160390516,56.375,50.2193165969317,42.4552824267782
"OR2040728",244,-1.32607790465872,33.7384448716957,37.9272140864714,19.280160390516,16.375,23.552649930265,22.4552824267782
"OR2050293",245,38.6739220953413,73.7384448716957,-2.07278591352858,59.280160390516,56.375,36.8859832635983,42.4552824267782
"OR2050299",246,18.6739220953413,53.7384448716957,37.9272140864714,39.280160390516,36.375,36.8859832635983,37.4552824267782
"OR2050301",247,38.6739220953413,73.7384448716957,17.9272140864714,39.280160390516,56.375,43.552649930265,42.4552824267782
"OR2050853",248,-11.3260779046587,93.7384448716957,17.9272140864714,59.280160390516,41.375,33.552649930265,39.9552824267782
"OR2050910",249,-21.3260779046587,93.7384448716957,17.9272140864714,59.280160390516,36.375,30.2193165969317,37.4552824267782
"OR2050913",250,-1.32607790465872,73.7384448716957,57.9272140864714,59.280160390516,36.375,43.552649930265,47.4552824267782
"OR2050914",251,-21.3260779046587,73.7384448716957,17.9272140864714,79.280160390516,26.375,23.552649930265,37.4552824267782
"OR2060323",252,-21.3260779046587,73.7384448716957,-2.07278591352858,59.280160390516,26.375,16.8859832635983,27.4552824267783
"OR2060324",253,-1.32607790465872,73.7384448716957,17.9272140864714,-20.719839609484,36.375,30.2193165969317,17.4552824267782
"OR2060395",254,-21.3260779046587,53.7384448716957,57.9272140864714,99.280160390516,16.375,30.2193165969317,47.4552824267782
"OR2060431",255,78.6739220953413,73.7384448716957,37.9272140864714,79.280160390516,76.375,63.552649930265,67.4552824267782
"OR2060926",256,78.6739220953413,73.7384448716957,57.9272140864714,59.280160390516,76.375,70.2193165969317,67.4552824267782
"OR2070011",257,69.9834459048651,77.071778205029,37.9272140864714,39.280160390516,73.4375,61.5943165969316,55.9865324267782
"OR2070385",258,49.9834459048651,77.071778205029,57.9272140864714,59.280160390516,63.4375,61.5943165969316,60.9865324267782
"OR2070453",259,29.9834459048651,77.071778205029,17.9272140864714,39.280160390516,53.4375,41.5943165969316,40.9865324267782
"OR2070608",260,9.98344590486507,77.071778205029,57.9272140864714,79.280160390516,43.4375,48.2609832635983,55.9865324267782
"OR2070870",261,-10.0165540951349,57.071778205029,37.9272140864714,79.280160390516,23.4375,28.2609832635983,40.9865324267782
"OR2071029",262,29.9834459048651,57.071778205029,77.9272140864714,39.280160390516,43.4375,54.927649930265,50.9865324267782
"OR2071071",263,-10.0165540951349,-2.928221794971,17.9272140864714,-0.719839609483973,-6.56249999999999,1.59431659693162,0.986532426778239
"OR2071073",264,-10.0165540951349,-22.928221794971,57.9272140864714,39.280160390516,-16.5625,8.26098326359828,15.9865324267782
"OR2071628",265,9.98344590486507,57.071778205029,37.9272140864714,-0.719839609483973,33.4375,34.9276499302649,25.9865324267782
"OR2071681",266,-30.0165540951349,77.071778205029,57.9272140864714,79.280160390516,23.4375,34.927649930265,45.9865324267782
"OR208047P94",267,18.6739220953413,93.7384448716957,77.9272140864714,19.280160390516,56.375,63.552649930265,52.4552824267782
"OR2080641",268,49.9834459048651,77.071778205029,37.9272140864714,79.280160390516,63.4375,54.927649930265,60.9865324267782
"OR9900553",269,29.9834459048651,97.071778205029,77.9272140864714,99.280160390516,63.4375,68.2609832635983,75.9865324267782
"OR9901619",270,29.9834459048651,97.071778205029,37.9272140864714,79.280160390516,63.4375,54.927649930265,60.9865324267782
"ORCF101",271,9.98344590486507,77.071778205029,37.9272140864714,99.280160390516,43.4375,41.5943165969316,55.9865324267782
"ORCF102",272,29.9834459048651,97.071778205029,-2.07278591352858,59.280160390516,63.4375,41.5943165969316,45.9865324267782
"ORCF103",273,49.9834459048651,77.071778205029,57.9272140864714,99.280160390516,63.4375,61.5943165969316,70.9865324267782
"ORF2267-03",274,49.9834459048651,77.071778205029,37.9272140864714,19.280160390516,63.4375,54.927649930265,45.9865324267782
"ORH010083",275,29.9834459048651,77.071778205029,57.9272140864714,79.280160390516,53.4375,54.927649930265,60.9865324267782
"ORH010837",276,29.9834459048651,117.071778205029,37.9272140864714,59.280160390516,73.4375,61.5943165969316,60.9865324267782
"ORH010918",277,-40.0165540951349,97.071778205029,37.9272140864714,79.280160390516,28.4375,31.5943165969316,43.4865324267782
"ORI2060306",278,29.9834459048651,97.071778205029,37.9272140864714,59.280160390516,63.4375,54.927649930265,55.9865324267782
"ORI2101835",279,49.9834459048651,77.071778205029,57.9272140864714,99.280160390516,63.4375,61.5943165969316,70.9865324267782
"ORI2101839",280,69.9834459048651,97.071778205029,17.9272140864714,79.280160390516,83.4375,61.5943165969316,65.9865324267782
"ORSS1757",281,-30.0165540951349,77.071778205029,57.9272140864714,79.280160390516,23.4375,34.927649930265,45.9865324267782
"SALUTE",282,29.9834459048651,97.071778205029,37.9272140864714,79.280160390516,63.4375,54.927649930265,60.9865324267782
"SIMON",283,49.9834459048651,97.071778205029,57.9272140864714,79.280160390516,73.4375,68.2609832635983,70.9865324267782
"SKILES",284,29.9834459048651,117.071778205029,17.9272140864714,99.280160390516,73.4375,54.927649930265,65.9865324267782
"SSD01089",285,23.435826857246,55.1670163002671,57.1355474198047,75.1968270571827,39.125,45.1349372384937,52.6796548117155
"SSD01096",286,23.435826857246,55.1670163002671,77.1355474198047,95.1968270571827,39.125,51.8016039051604,62.6796548117155
"SSD02046",287,63.435826857246,55.1670163002671,57.1355474198047,95.1968270571827,59.125,58.4682705718271,67.6796548117155
"SSD02047",288,63.435826857246,35.1670163002671,97.1355474198047,75.1968270571827,49.125,65.1349372384937,67.6796548117155
"SSD02053",289,43.435826857246,55.1670163002671,77.1355474198047,75.1968270571827,49.125,58.4682705718271,62.6796548117155
"SSD02065",290,43.435826857246,35.1670163002671,117.135547419805,55.1968270571827,39.125,65.1349372384937,62.6796548117155
"SSD02069",291,43.435826857246,75.1670163002671,97.1355474198047,75.1968270571827,59.125,71.8016039051604,72.6796548117155
"SSD02071",292,3.43582685724602,115.167016300267,77.1355474198047,75.1968270571827,59.125,65.1349372384937,67.6796548117155
"SSD02072",293,23.435826857246,75.1670163002671,117.135547419805,115.196827057183,49.125,71.8016039051604,82.6796548117155
"SSD060015",294,43.435826857246,95.1670163002671,97.1355474198047,115.196827057183,69.125,78.4682705718271,87.6796548117155
"SSD060040",295,63.435826857246,95.1670163002671,117.135547419805,115.196827057183,79.125,91.8016039051604,97.6796548117155
"SSD060061",296,63.435826857246,115.167016300267,77.1355474198047,95.1968270571827,89.125,85.1349372384937,87.6796548117155
"SSD060252",297,63.435826857246,95.1670163002671,97.1355474198047,95.1968270571827,79.125,85.1349372384937,87.6796548117155
"SSD060256",298,83.435826857246,115.167016300267,57.1355474198047,75.1968270571827,99.125,85.1349372384937,82.6796548117155
"SSD060443",299,-23.0441847868141,88.3117161411677,117.135547419805,95.1968270571827,32.5423728813559,60.746519159398,69.3883412523938
"SSD060530",300,103.435826857246,115.167016300267,97.1355474198047,55.1968270571827,109.125,105.134937238494,92.6796548117155
"SSD060535",301,103.435826857246,95.1670163002671,57.1355474198047,35.1968270571827,99.125,85.1349372384937,72.6796548117155
"STEPHENS",302,109.983445904865,97.071778205029,37.9272140864714,39.280160390516,103.4375,81.5943165969316,70.9865324267782
"TUBBS",303,109.983445904865,77.071778205029,17.9272140864714,39.280160390516,93.4375,68.2609832635983,60.9865324267782
"TUBBS06",304,-3.46893504751587,74.4527305859814,77.9272140864714,79.280160390516,35.25,49.4693165969317,56.892782426778
"V/W-29",305,63.435826857246,115.167016300267,57.1355474198047,55.1968270571827,89.125,78.4682705718271,72.6796548117155
"V/W-30",306,43.435826857246,95.1670163002671,97.1355474198047,55.1968270571827,69.125,78.4682705718271,72.6796548117155
"V/W-32",307,43.435826857246,95.1670163002671,57.1355474198047,55.1968270571827,69.125,65.1349372384937,62.6796548117155
"V/W-46",308,63.435826857246,75.1670163002671,97.1355474198047,55.1968270571827,69.125,78.468270571827,72.6796548117155
"V/W-51",309,83.435826857246,115.167016300267,37.1355474198047,55.1968270571827,99.125,78.4682705718271,72.6796548117155
"V096408",310,63.435826857246,95.1670163002671,97.1355474198047,115.196827057183,79.125,85.1349372384937,92.6796548117155
"VO95010",311,138.673922095341,98.0241591574099,57.1355474198047,55.1968270571827,118.875,98.3016039051604,87.5546548117154
"VO96406",312,78.6739220953412,118.02415915741,97.1355474198047,75.1968270571827,98.875,98.3016039051604,92.5546548117154
"VO96410",313,38.6739220953412,98.0241591574099,97.1355474198047,-4.80317294281729,68.875,78.3016039051604,57.5546548117154
"VO96511",314,58.6739220953412,98.0241591574099,117.135547419805,75.1968270571827,78.875,91.6349372384937,87.5546548117154
"WA7918",315,109.983445904865,97.071778205029,37.9272140864714,79.280160390516,103.4375,81.5943165969316,80.9865324267782
"WA7932",316,109.983445904865,77.071778205029,37.9272140864714,59.280160390516,93.4375,74.9276499302649,70.9865324267782
"WA7933",317,89.9834459048651,77.071778205029,77.9272140864714,99.280160390516,83.4375,81.5943165969316,85.9865324267782
"WA7934",318,109.983445904865,97.071778205029,57.9272140864714,79.280160390516,103.4375,88.2609832635983,85.9865324267782
"WA7935",319,109.983445904865,97.071778205029,77.9272140864714,59.280160390516,103.4375,94.927649930265,85.9865324267782
"WA7935C",320,109.983445904865,77.071778205029,57.9272140864714,39.280160390516,93.4375,81.5943165969316,70.9865324267782
"WA7965",321,109.983445904865,97.071778205029,57.9272140864714,79.280160390516,103.4375,88.2609832635983,85.9865324267782
"WA7970",322,89.9834459048651,97.071778205029,57.9272140864714,19.280160390516,93.4375,81.5943165969316,65.9865324267782
"WA7971",323,109.983445904865,97.071778205029,77.9272140864714,19.280160390516,103.4375,94.927649930265,75.9865324267782
"WA8000",324,109.983445904865,117.071778205029,77.9272140864714,19.280160390516,113.4375,101.594316596932,80.9865324267782
"WA8020",325,89.7523794784493,106.391942809183,77.9272140864714,-20.719839609484,97.6190476190476,91.0486816762968,63.0773062363021
"WA8021",326,49.7523794784493,106.391942809183,97.9272140864714,79.280160390516,77.6190476190476,84.3820150096301,83.0773062363021
"WA8063",327,89.7523794784493,106.391942809183,77.9272140864714,19.280160390516,97.6190476190476,91.0486816762968,73.0773062363021
"WA8064",328,89.7523794784493,86.3919428091834,77.9272140864714,99.280160390516,87.6190476190476,84.3820150096301,88.0773062363021
"WA8064-55",329,56.9558152131859,108.311716141168,97.1355474198047,55.1968270571827,82.5423728813559,87.4131858260647,79.3883412523931
"WA8065",330,89.7523794784493,106.391942809183,57.9272140864714,79.280160390516,97.6190476190476,84.3820150096301,83.0773062363021
"WA8066",331,29.7523794784493,106.391942809183,97.9272140864714,99.280160390516,67.6190476190476,77.7153483429634,83.0773062363021
"WA8092",332,109.752379478449,106.391942809183,57.9272140864714,119.280160390516,107.619047619048,91.0486816762968,98.0773062363021
"WA8093",333,69.7523794784493,66.3919428091834,77.9272140864714,79.280160390516,67.6190476190476,71.0486816762968,73.0773062363021
"WA8094",334,69.7523794784493,86.3919428091834,77.9272140864714,79.280160390516,77.6190476190476,77.7153483429634,78.0773062363021
"WA8114",335,29.7523794784493,86.3919428091834,77.9272140864714,99.280160390516,57.6190476190476,64.3820150096301,73.0773062363021
"WA8115",336,49.7523794784493,86.3919428091834,57.9272140864714,59.280160390516,67.6190476190476,64.3820150096301,63.0773062363021
"WA8116",337,29.7523794784493,106.391942809183,77.9272140864714,79.280160390516,67.6190476190476,71.0486816762968,73.0773062363021
"WA8117",338,49.7523794784493,106.391942809183,77.9272140864714,39.280160390516,77.6190476190476,77.7153483429634,68.0773062363021
"WA8134",339,89.7523794784493,86.3919428091834,57.9272140864714,79.280160390516,87.6190476190476,77.7153483429634,78.0773062363021
"WA8135",340,89.7523794784493,86.3919428091834,77.9272140864714,39.280160390516,87.6190476190476,84.3820150096301,73.0773062363021
"WA8137",341,-21.3260779046588,78.0241591574099,117.135547419805,35.1968270571827,28.875,58.3016039051604,52.5546548117154
"WA8138",342,38.6739220953412,98.0241591574099,97.1355474198047,95.1968270571827,68.875,78.3016039051604,82.5546548117154
"WA8142",343,69.7523794784493,106.391942809183,57.9272140864714,79.280160390516,87.6190476190476,77.7153483429634,78.0773062363021
"WA8143",344,109.752379478449,106.391942809183,57.9272140864714,99.280160390516,107.619047619048,91.0486816762968,93.0773062363021
"WA8144",345,69.7523794784493,106.391942809183,37.9272140864714,79.280160390516,87.6190476190476,71.0486816762968,73.0773062363021
"WA8151",346,56.9558152131859,88.3117161411677,97.1355474198047,75.1968270571827,72.5423728813562,80.7465191593981,79.3883412523938
"WA8152",347,96.9558152131822,68.3117161411602,77.1355474198098,95.1968270571836,82.5423728813553,80.7465191593833,84.3883412523905
"WA8153",348,36.9558152131845,48.3117161411671,57.1355474198048,95.1968270571824,42.5423728813557,47.4131858260651,59.3883412523936
"WA8154",349,96.9558152131869,48.3117161411679,77.1355474198047,75.1968270571825,72.5423728813556,74.0798524927326,74.3883412523949
"WEATHERFORD",350,98.6739220953412,118.02415915741,37.1355474198047,75.1968270571827,108.875,84.968270571827,82.5546548117154
"X00270-6L",351,78.435826857246,95.1670163002671,77.1355474198047,15.1968270571827,87,83.7182705718271,66.6171548117155
"X00277-4L",352,98.435826857246,115.167016300267,77.1355474198047,95.1968270571827,107,97.0516039051604,96.6171548117155
"X00290-4L",353,98.435826857246,115.167016300267,57.1355474198047,-24.8031729428173,107,90.3849372384937,61.6171548117155
"X00295-14C",354,-1.56417314275397,95.1670163002671,37.1355474198047,55.1968270571827,47,43.7182705718271,46.6171548117155
"X010251-3C",355,38.435826857246,95.1670163002671,37.1355474198047,-4.80317294281729,67,57.0516039051604,41.6171548117155
"X010251-4C",356,18.435826857246,75.1670163002671,-2.86445258019528,95.1968270571827,47,30.3849372384937,46.6171548117155
"X010251-5C",357,58.435826857246,55.1670163002671,17.1355474198047,75.1968270571827,57,43.7182705718271,51.6171548117155
"X010251-7C",358,38.435826857246,95.1670163002671,-2.86445258019528,55.1968270571827,67,43.7182705718271,46.6171548117155
"X010253-4C",359,38.435826857246,95.1670163002671,57.1355474198047,75.1968270571827,67,63.7182705718271,66.6171548117155
"X010259-2C",360,18.435826857246,115.167016300267,17.1355474198047,55.1968270571827,67,50.3849372384937,51.6171548117155
"X010260-6C",361,58.435826857246,95.1670163002671,37.1355474198047,95.1968270571827,77,63.7182705718271,71.6171548117155
"X010262-1C",362,58.435826857246,95.1670163002671,17.1355474198047,75.1968270571827,77,57.0516039051604,61.6171548117155
"X010262-5C",363,58.435826857246,115.167016300267,57.1355474198047,35.1968270571827,87,77.0516039051604,66.6171548117155
"X010263-3C",364,18.435826857246,95.1670163002671,37.1355474198047,35.1968270571827,57,50.3849372384937,46.6171548117155
"X010264-1C",365,38.435826857246,115.167016300267,37.1355474198047,-4.80317294281729,77,63.7182705718271,46.6171548117155
"X010283-3C",366,38.435826857246,115.167016300267,57.1355474198047,75.1968270571827,77,70.3849372384937,71.6171548117155
"X010283-5C",367,18.435826857246,95.1670163002671,57.1355474198047,55.1968270571827,57,57.0516039051604,56.6171548117155
"X010290-2C",368,18.435826857246,95.1670163002671,37.1355474198047,35.1968270571827,57,50.3849372384937,46.6171548117155
"X010290-8C",369,38.435826857246,95.1670163002671,57.1355474198047,15.1968270571827,67,63.7182705718271,51.6171548117155
"X010291-4C",370,38.435826857246,75.1670163002671,37.1355474198047,55.1968270571827,57,50.3849372384937,51.6171548117155
"X010293-6C",371,38.435826857246,95.1670163002671,77.1355474198047,35.1968270571827,67,70.3849372384937,61.6171548117155
"X010298-5C",372,18.435826857246,95.1670163002671,37.9272140864714,79.280160390516,57,50.6359832635983,57.7677824267782
"X010300-2C",373,18.435826857246,75.1670163002671,57.9272140864714,19.280160390516,47,50.6359832635983,42.7677824267782
"X010302-1C",374,-1.56417314275397,55.1670163002671,57.9272140864714,59.280160390516,27,37.302649930265,42.7677824267782
"X010302-2C",375,18.435826857246,75.1670163002671,77.9272140864714,19.280160390516,47,57.302649930265,47.7677824267782
"X010302-5C",376,38.435826857246,75.1670163002671,97.9272140864714,-0.719839609483973,57,70.6359832635983,52.7677824267782
"X010455-2C",377,18.435826857246,55.1670163002671,57.9272140864714,-0.719839609483973,37,43.9693165969316,32.7677824267782
"X010463-4C",378,58.435826857246,55.1670163002671,97.9272140864714,39.280160390516,57,70.6359832635983,62.7677824267782
"X010463-9C",379,58.435826857246,75.1670163002671,77.9272140864714,39.280160390516,67,70.6359832635983,62.7677824267782
"X010662-2C",380,78.435826857246,55.1670163002671,77.9272140864714,39.280160390516,67,70.6359832635983,62.7677824267782
"X010669-2C",381,58.435826857246,75.1670163002671,77.9272140864714,59.280160390516,67,70.6359832635983,67.7677824267783
"X010678-8C",382,58.435826857246,95.1670163002671,97.9272140864714,39.280160390516,77,83.9693165969317,72.7677824267782
"X010679-1C",383,18.435826857246,75.1670163002671,77.9272140864714,19.280160390516,47,57.302649930265,47.7677824267782
"X010679-3C",384,78.435826857246,75.1670163002671,77.9272140864714,-40.719839609484,77,77.302649930265,47.7677824267782
"X010704-3C",385,-1.56417314275397,55.1670163002671,77.9272140864714,19.280160390516,27,43.9693165969316,37.7677824267782
"X010726-2C",386,58.435826857246,75.1670163002671,57.9272140864714,39.280160390516,67,63.9693165969317,57.7677824267782
"X010729-1L",387,38.435826857246,75.1670163002671,77.9272140864714,39.280160390516,57,63.9693165969316,57.7677824267782
"X010730-6L",388,58.435826857246,75.1670163002671,57.9272140864714,119.280160390516,67,63.9693165969317,77.7677824267782
"X010741-3C",389,18.435826857246,35.1670163002671,77.9272140864714,119.280160390516,27,43.9693165969316,62.7677824267782
"X010742-2C",390,38.435826857246,95.1670163002671,77.9272140864714,19.280160390516,67,70.6359832635983,57.7677824267782
"X010744-3C",391,88.3167792381984,93.9765401097909,57.9272140864714,19.280160390516,91.6875,80.427649930265,65.1115324267782
"X010746-4C",392,68.3167792381984,73.9765401097909,37.9272140864714,39.280160390516,71.6875,60.427649930265,55.1115324267782
"X010746-5C",393,48.3167792381984,113.976540109791,57.9272140864714,39.280160390516,81.6875,73.7609832635983,65.1115324267782
"X010746-8C",394,28.3167792381984,93.9765401097909,17.9272140864714,-0.719839609483973,61.6875,47.0943165969317,35.1115324267782
"X010780-5C",395,108.316779238198,93.9765401097909,37.9272140864714,19.280160390516,101.6875,80.427649930265,65.1115324267782
"X010782-3C",396,28.3167792381984,73.9765401097909,-2.07278591352858,59.280160390516,51.6875,33.7609832635983,40.1115324267782
"X010787-1C",397,-11.6832207618016,93.9765401097909,37.9272140864714,59.280160390516,41.6875,40.427649930265,45.1115324267782
"X010817-4L",398,48.3167792381984,73.9765401097909,77.9272140864714,-40.719839609484,61.6875,67.0943165969316,40.1115324267782
"X010830-2C",399,28.3167792381984,73.9765401097909,77.9272140864714,-40.719839609484,51.6875,60.427649930265,35.1115324267782
"X950424-1",400,8.31677923819843,73.9765401097909,37.9272140864714,-40.719839609484,41.6875,40.427649930265,20.1115324267782
"X950424-2",401,28.3167792381984,93.9765401097909,37.9272140864714,-40.719839609484,61.6875,53.7609832635983,30.1115324267782
"X950851",402,88.3167792381984,113.976540109791,57.9272140864714,59.280160390516,101.6875,87.0943165969316,80.1115324267782
"X960011C",403,28.3167792381984,93.9765401097909,37.9272140864714,59.280160390516,61.6875,53.7609832635983,55.1115324267782
"X9602044-2C",404,-11.6832207618016,93.9765401097909,37.9272140864714,79.280160390516,41.6875,40.427649930265,50.1115324267782
"X960407",405,-11.6832207618016,73.9765401097909,17.9272140864714,99.280160390516,31.6875,27.0943165969317,45.1115324267782
"X960409-1",406,8.31677923819843,73.9765401097909,77.9272140864714,-40.719839609484,41.6875,53.7609832635983,30.1115324267782
"X960411-1",407,-11.6832207618016,93.9765401097909,57.9272140864714,-40.719839609484,41.6875,47.0943165969316,25.1115324267782
"X960411-2",408,8.31677923819843,93.9765401097909,77.9272140864714,-20.719839609484,51.6875,60.427649930265,40.1115324267782
"X960414-1",409,28.3167792381984,73.9765401097909,37.9272140864714,-40.719839609484,51.6875,47.0943165969316,25.1115324267782
"X960414-2",410,8.31677923819843,73.9765401097909,57.9272140864714,-40.719839609484,41.6875,47.0943165969316,25.1115324267782
"X960418",411,48.3167792381984,93.9765401097909,57.9272140864714,-40.719839609484,71.6875,67.0943165969316,40.1115324267782
"X960427",412,28.3167792381984,93.9765401097909,57.9272140864714,-40.719839609484,61.6875,60.427649930265,35.1115324267782
"X960491",413,108.316779238198,93.9765401097909,77.9272140864714,19.280160390516,101.6875,93.7609832635983,75.1115324267782
"X960499",414,8.31677923819843,53.9765401097909,57.9272140864714,-40.719839609484,31.6875,40.427649930265,20.1115324267782
"X960503",415,68.3167792381984,73.9765401097909,37.9272140864714,-0.719839609483973,71.6875,60.427649930265,45.1115324267782
"X960538C",416,68.3167792381984,93.9765401097909,57.9272140864714,79.280160390516,81.6875,73.7609832635983,75.1115324267782
"X960584",417,48.3167792381984,73.9765401097909,77.9272140864714,79.280160390516,61.6875,67.0943165969316,70.1115324267782
"X960589",418,108.316779238198,73.9765401097909,57.9272140864714,59.280160390516,91.6875,80.427649930265,75.1115324267782
"X960731",419,-31.6832207618016,73.9765401097909,57.9272140864714,-40.719839609484,21.6875,33.7609832635983,15.1115324267782
"X960749-1",420,48.3167792381984,73.9765401097909,37.9272140864714,-0.719839609483973,61.6875,53.7609832635983,40.1115324267782
"X960749-2",421,8.31677923819843,93.9765401097909,97.9272140864714,-40.719839609484,51.6875,67.0943165969317,40.1115324267782
"X970005-1",422,-11.6832207618016,93.9765401097909,77.9272140864714,-40.719839609484,41.6875,53.7609832635983,30.1115324267782
"X970005-2",423,8.31677923819843,73.9765401097909,77.9272140864714,-40.719839609484,41.6875,53.7609832635983,30.1115324267782
"X970008-2",424,-21.6832207618016,73.9765401097909,57.9272140864714,-40.719839609484,26.6875,37.0943165969316,17.6115324267782
"X970008-3",425,-11.6832207618016,93.9765401097909,77.9272140864714,-40.719839609484,41.6875,53.7609832635983,30.1115324267782
"X970012-3C",426,8.31677923819843,93.9765401097909,97.9272140864714,-40.719839609484,51.6875,67.0943165969317,40.1115324267782
"X970024-4",427,28.3167792381984,113.976540109791,77.9272140864714,-40.719839609484,71.6875,73.7609832635983,45.1115324267782
"X970026-1",428,8.31677923819843,93.9765401097909,77.9272140864714,-40.719839609484,51.6875,60.427649930265,35.1115324267782
"X970027-1",429,15.5786840001032,94.2146353478861,77.9272140864714,-40.719839609484,54.875,62.552649930265,36.7052824267783
"X970027-2",430,15.5786840001032,94.2146353478861,77.9272140864714,79.280160390516,54.875,62.552649930265,66.7052824267783
"X970038-1C",431,-4.4213159998968,74.2146353478861,77.9272140864714,-20.719839609484,34.875,49.2193165969316,31.7052824267783
"X970038-2C",432,-4.4213159998968,94.2146353478861,57.9272140864714,-0.719839609483973,44.875,49.2193165969316,36.7052824267783
"X970042-2C",433,-4.4213159998968,74.2146353478861,37.9272140864714,-40.719839609484,34.875,35.8859832635983,16.7052824267783
"X970042C",434,15.5786840001032,74.2146353478861,77.9272140864714,-40.719839609484,44.875,55.8859832635983,31.7052824267783
"X970048-1C",435,-14.4213159998968,54.2146353478861,57.9272140864714,-40.719839609484,19.875,32.552649930265,14.2052824267783
"X970048-2C",436,15.5786840001032,94.2146353478861,77.9272140864714,-40.719839609484,54.875,62.552649930265,36.7052824267783
"X970048C",437,-4.4213159998968,94.2146353478861,37.9272140864714,-40.719839609484,44.875,42.552649930265,21.7052824267783
"X970054-2",438,55.5786840001032,94.2146353478861,77.9272140864714,59.280160390516,74.875,75.8859832635983,71.7052824267783
"X970055-2",439,35.5786840001032,94.2146353478861,77.9272140864714,39.280160390516,64.875,69.2193165969316,61.7052824267783
"X970057-2",440,35.5786840001032,94.2146353478861,57.9272140864714,-0.719839609483973,64.875,62.552649930265,46.7052824267783
"X970057-4",441,35.5786840001032,74.2146353478861,57.9272140864714,19.280160390516,54.875,55.8859832635983,46.7052824267783
"X970071-1",442,-14.4213159998968,94.2146353478861,77.9272140864714,39.280160390516,39.875,52.5526499302649,49.2052824267783
"X970108-1C",443,-14.4213159998968,74.2146353478861,57.9272140864714,-0.719839609483973,29.875,39.2193165969316,29.2052824267783
"X970108-2",444,-14.4213159998968,74.2146353478861,77.9272140864714,59.280160390516,29.875,45.8859832635983,49.2052824267783
"X970108-2C",445,-14.4213159998968,54.2146353478861,37.9272140864714,79.280160390516,19.875,25.8859832635983,39.2052824267783
"X970108-3",446,35.5786840001032,74.2146353478861,57.9272140864714,79.280160390516,54.875,55.8859832635983,61.7052824267783
"X970149-1L",447,-4.4213159998968,94.2146353478861,97.9272140864714,59.280160390516,44.875,62.552649930265,61.7052824267783
"X970149-7L",448,55.5786840001032,74.2146353478861,77.9272140864714,79.280160390516,64.875,69.2193165969316,71.7052824267783
"X970161-2L",449,55.5786840001032,54.2146353478861,57.9272140864714,39.280160390516,54.875,55.8859832635983,51.7052824267783
"X970163-3",450,55.5786840001032,34.2146353478861,77.9272140864714,19.280160390516,44.875,55.8859832635983,46.7052824267783
"X970167-2L",451,75.5786840001032,114.214635347886,77.9272140864714,79.280160390516,94.875,89.2193165969316,86.7052824267783
"X970167-3L",452,35.5786840001032,114.214635347886,97.9272140864714,39.280160390516,74.875,82.552649930265,71.7052824267783
"X970167-5L",453,15.5786840001032,94.2146353478861,97.9272140864714,59.280160390516,54.875,69.2193165969316,66.7052824267783
"X970168-1L",454,35.5786840001032,74.2146353478861,77.9272140864714,79.280160390516,54.875,62.552649930265,66.7052824267783
"X970168-2L",455,15.5786840001032,114.214635347886,117.927214086471,39.280160390516,64.875,82.552649930265,71.7052824267783
"X970170-2",456,55.5786840001032,114.214635347886,77.9272140864714,-0.719839609483973,84.875,82.5526499302649,61.7052824267783
"X970170L",457,15.5786840001032,94.2146353478861,77.9272140864714,19.280160390516,54.875,62.552649930265,51.7052824267783
"X970175-1L",458,-14.4213159998968,94.2146353478861,57.9272140864714,-0.719839609483973,39.875,45.8859832635983,34.2052824267783
"X970175-3C",459,-4.4213159998968,94.2146353478861,77.9272140864714,59.280160390516,44.875,55.8859832635983,56.7052824267783
"X970175-4C",460,55.5786840001032,74.2146353478861,57.9272140864714,79.280160390516,64.875,62.552649930265,66.7052824267783
"X970175-6C",461,55.5786840001032,94.2146353478861,97.9272140864714,59.280160390516,74.875,82.552649930265,76.7052824267783
"X970185-1C",462,35.5786840001032,114.214635347886,57.9272140864714,59.280160390516,74.875,69.2193165969316,66.7052824267783
"X970229",463,75.5786840001032,114.214635347886,77.9272140864714,79.280160390516,94.875,89.2193165969316,86.7052824267783
"X970235",464,55.5786840001032,94.2146353478861,77.9272140864714,79.280160390516,74.875,75.8859832635983,76.7052824267783
"X970281",465,35.5786840001032,94.2146353478861,77.9272140864714,-40.719839609484,64.875,69.2193165969316,41.7052824267783
"X980302-8C",466,15.5786840001032,94.2146353478861,77.9272140864714,-40.719839609484,54.875,62.552649930265,36.7052824267783
"X980336-5L",467,35.5786840001032,114.214635347886,77.9272140864714,79.280160390516,74.875,75.8859832635983,76.7052824267783
"X980421-1C",468,-3.46893504751587,94.4527305859814,57.9272140864714,59.280160390516,45.25,49.4693165969317,51.892782426778
"X980434-1L",469,36.5310649524841,74.4527305859814,57.9272140864714,59.280160390516,55.25,56.1359832635984,56.892782426778
"X980437-3L",470,36.5310649524841,54.4527305859814,57.9272140864714,-0.719839609483973,45.25,49.4693165969317,36.892782426778
"X980451-4C",471,56.5310649524841,74.4527305859814,57.9272140864714,59.280160390516,65.25,62.8026499302651,61.892782426778
"X990070-C",472,36.5310649524841,94.4527305859814,57.9272140864714,39.280160390516,65.25,62.8026499302651,56.892782426778
"XERPHA",473,89.7523794784493,66.3919428091834,37.9272140864714,59.280160390516,77.6190476190476,64.3820150096301,63.0773062363021
